onset,time,hcom_velocity,hcom_acceleration,hip_angle,knee_angle,hip_torque,knee_torque
0,0.0,-0.01985622,-0.4829339,62.2581011,81.0102778,-0.5436467486821706,0.01379534449612403
0,0.005,-0.01984533,-0.47123609,62.25924457,81.01130633,-0.5487626178294573,0.018054293178294573
0,0.01,-0.01981978,-0.45998797,62.2266071,81.01723097,-0.5536059139534883,0.022116906976744184
0,0.015,-0.01977823,-0.44967961,62.22751809,81.01810306,-0.5579703342635658,0.02581882093023256
0,0.02,-0.01971874,-0.44068732,62.19112867,81.02219396,-0.5617094029457365,0.029039023875968992
0,0.025,-0.01963898,-0.43325189,62.19211536,81.02271259,-0.564746126356589,0.031705961085271316
0,0.03,-0.01953647,-0.4274739,62.1558312,81.02717814,-0.5670738213953488,0.033797521240310074
0,0.035,-0.01940887,-0.42332386,62.15674268,81.02802229,-0.5687470192248062,0.035335623720930236
0,0.04,-0.01925411,-0.42066052,62.11998463,81.03137606,-0.5698656427906976,0.03637743751937984
0,0.045,-0.01907059,-0.41925942,62.11859083,81.03468,-0.570557534883721,0.037005064496124035
0,0.05,-0.01885726,-0.41884797,62.08416859,81.03478393,-0.5709607423255814,0.03731423286821705
0,0.055,-0.01861373,-0.41913914,62.08265062,81.0383723,-0.5712061485271318,0.03740240930232558
0,0.06,-0.01834025,-0.41986165,62.05070109,81.03841518,-0.571402716124031,0.03735729953488372
0,0.065,-0.01803775,-0.42078506,62.05195467,81.03940823,-0.5716300751937985,0.03724964403100775
0,0.07,-0.01770778,-0.42173701,62.01461738,81.04076363,-0.5719368863565891,0.03713075612403101
0,0.075,-0.01735255,-0.42261189,62.01541609,81.04088696,-0.5723423376744187,0.03703255348837209
0,0.08,-0.01697489,-0.42337087,61.98155439,81.04306405,-0.5728407965891473,0.036969873333333333
0,0.085,-0.01657817,-0.42403045,61.97903852,81.04595489,-0.57340818,0.03694476790697675
0,0.09,-0.01616625,-0.42464296,61.94977577,81.04472369,-0.5740090711627907,0.036950848217054265
0,0.095,-0.01574334,-0.42527711,61.95070029,81.04506122,-0.5746040359689922,0.0369772311627907
0,0.1,-0.01531392,-0.42600487,61.91845168,81.04632018,-0.5751567525581395,0.037012731627906977
0,0.105,-0.01488257,-0.42689282,61.91908453,81.04634327,-0.5756419666666667,0.03705031085271318
0,0.11,-0.01445393,-0.42799423,61.88958732,81.04819072,-0.5760495655813953,0.03708976325581395
0,0.115,-0.01403257,-0.42934125,61.89017091,81.04817078,-0.5763826875968991,0.03713756775193798
0,0.12,-0.01362285,-0.43093701,61.86218516,81.05026353,-0.5766541376744185,0.03720462480620155
0,0.125,-0.01322888,-0.43275242,61.86270282,81.04991658,-0.5768815184496124,0.03730222604651163
0,0.13,-0.01285431,-0.4347285,61.83606571,81.05268242,-0.5770830099224806,0.03743794542635659
0,0.135,-0.0125023,-0.43678276,61.83652266,81.05235794,-0.5772749082170543,0.037613204031007756
0,0.14,-0.0121754,-0.43881972,61.8314335,81.05897307,-0.5774707696124031,0.037823248837209306
0,0.145,-0.01187548,-0.44074304,61.80431372,81.05515179,-0.5776818227906977,0.03805902263565891
0,0.15,-0.01160376,-0.44246642,61.80528084,81.05706355,-0.5779172220155039,0.038308924961240304
0,0.155,-0.01136084,-0.44392108,61.80331277,81.06139195,-0.5781830714728683,0.03856082480620155
0,0.16,-0.01114682,-0.44506288,61.80360352,81.06102826,-0.5784790823255813,0.03880267565891472
0,0.165,-0.01096152,-0.4458761,61.75666999,81.06556845,-0.5787961226356588,0.039022325891472864
0,0.17,-0.01080472,-0.44637261,61.75704683,81.06533049,-0.5791172789147288,0.03920804930232558
0,0.175,-0.01067638,-0.44658675,61.7348063,81.07155701,-0.57942206,0.039350167131782944
0,0.18,-0.01057652,-0.44656744,61.73524396,81.0718349,-0.5796913956589147,0.03944267441860465
0,0.185,-0.01050517,-0.44637012,61.73455613,81.07559198,-0.5799126055813953,0.03948400139534884
0,0.19,-0.0104623,-0.44605074,61.73490825,81.0753817,-0.5800817959689922,0.039477080930232555
0,0.195,-0.01044779,-0.44566383,61.6971705,81.08425671,-0.5802025666666666,0.039428852868217054
0,0.2,-0.01046166,-0.44526267,61.6975593,81.08396238,-0.5802822499224807,0.03934898062015504
0,0.205,-0.01050403,-0.44489814,61.67727406,81.09219367,-0.580328143875969,0.03924823007751938
0,0.21,-0.01057507,-0.44461625,61.67767479,81.09189268,-0.5803440426356589,0.0391362423255814
0,0.215,-0.01067487,-0.44445256,61.67754572,81.09657223,-0.5803278403100776,0.039019783100775196
0,0.22,-0.01080336,-0.44442971,61.67257135,81.10567291,-0.5802713773643411,0.038902060620155034
0,0.225,-0.01096028,-0.44455885,61.63779376,81.10718153,-0.580162487751938,0.03878355612403101
0,0.23,-0.01114531,-0.44483973,61.63832599,81.10696861,-0.5799866911627907,0.03866251658914729
0,0.235,-0.01135803,-0.44526129,61.63865163,81.11304981,-0.5797283443410852,0.03853474558139535
0,0.24,-0.01159791,-0.445806,61.60781511,81.12127214,-0.5793717668217054,0.03839380356589148
0,0.245,-0.01186427,-0.44645462,61.60839324,81.12093471,-0.5789042314728683,0.03823230558139535
0,0.25,-0.01215625,-0.44718622,61.60608348,81.12975812,-0.578321179379845,0.038045039844961236
0,0.255,-0.0124728,-0.4479755,61.57478862,81.13367856,-0.577629304496124,0.03783170573643411
0,0.26,-0.01281257,-0.44879056,61.57579553,81.13761521,-0.5768443341085271,0.03759705968992248
0,0.265,-0.01317399,-0.44959111,61.5762452,81.13729998,-0.575988316124031,0.03735067162790698
0,0.27,-0.01355515,-0.4503293,61.54002191,81.14910771,-0.5750872241860465,0.037106120310077526
0,0.275,-0.01395392,-0.45094989,61.54065893,81.14860951,-0.5741700279069768,0.03688019798449612
0,0.28,-0.01436791,-0.45139138,61.53884032,81.15686641,-0.5732689217054264,0.0366920272868217
0,0.285,-0.01479457,-0.45159368,61.50109315,81.16155316,-0.5724174466666667,0.03656063503875969
0,0.29,-0.01523115,-0.45150895,61.50163048,81.16637861,-0.5716455015503875,0.03650182496124031
0,0.295,-0.01567479,-0.45111132,61.50221305,81.16595069,-0.5709729703875969,0.03652580821705426
0,0.3,-0.01612251,-0.45040114,61.46300252,81.1778224,-0.5704070570542635,0.03663669984496124
0,0.305,-0.01657134,-0.44940167,61.44624654,81.18183737,-0.5699449328682171,0.03683374527131783
0,0.31,-0.01701828,-0.44815174,61.44714057,81.18134008,-0.5695772575193798,0.0371118303875969
0,0.315,-0.01746028,-0.4466981,61.41940378,81.19149221,-0.5692905821705426,0.037461416744186044
0,0.32,-0.01789411,-0.44509071,61.4196695,81.19455662,-0.5690680855813953,0.03786868914728682
0,0.325,-0.01831637,-0.44337673,61.42034167,81.19413764,-0.5688918550387597,0.038317612558139535
0,0.33,-0.01872356,-0.44159112,61.37345832,81.20567866,-0.5687473834108527,0.03879435875968992
0,0.335,-0.01911227,-0.43975123,61.37455713,81.2049848,-0.5686247827906977,0.039290686666666665
0,0.34,-0.01947937,-0.43786087,61.34101548,81.21551935,-0.5685165130232558,0.03980395085271318
0,0.345,-0.01982204,-0.43591628,61.34213496,81.21482396,-0.5684146665116279,0.04033482356589147
0,0.35,-0.02013786,-0.43390794,61.30776173,81.22390576,-0.5683103021705426,0.040885907286821704
0,0.355,-0.02042477,-0.43182058,61.30902734,81.22321609,-0.5681923654263566,0.041460576744186045
0,0.36,-0.02068108,-0.42963416,61.27953722,81.23343861,-0.5680468765891472,0.04206156465116279
0,0.365,-0.02090547,-0.42732707,61.28014972,81.2375186,-0.5678584403100775,0.04268952558139535
0,0.37,-0.02109711,-0.424878,61.24105104,81.241899,-0.567614206511628,0.04334263798449612
0,0.375,-0.02125563,-0.42226713,61.24029114,81.24693491,-0.5673091120930233,0.044017653643410856
0,0.38,-0.02138125,-0.41947715,61.20780959,81.25177081,-0.5669498589147287,0.044711458139534886
0,0.385,-0.02147472,-0.41649618,61.20716198,81.2550868,-0.5665542463565891,0.04542201286821705
0,0.39,-0.02153734,-0.41332015,61.17268936,81.26048918,-0.5661461320930232,0.04614821751937984
0,0.395,-0.02157091,-0.40995472,61.16785928,81.2652935,-0.5657498781395348,0.046889531007751936
0,0.4,-0.02157776,-0.40641655,61.13684957,81.26913586,-0.5653867455813953,0.04764617379844961
0,0.405,-0.02156062,-0.4027328,61.13440653,81.27490344,-0.5650708491472868,0.048418347596899225
0,0.41,-0.0215226,-0.39893734,61.10222986,81.27806142,-0.5648051499224807,0.04920489860465116
0,0.415,-0.02146709,-0.39506514,61.08618045,81.28350109,-0.5645787691472868,0.05000203550387597
0,0.42,-0.02139764,-0.39114797,61.08620168,81.28621822,-0.5643668852713178,0.050802289457364334
0,0.425,-0.02131784,-0.38721343,61.04940557,81.29132402,-0.5641333609302326,0.05159429441860465
0,0.43,-0.02123128,-0.38328626,61.04737194,81.29790657,-0.563834672248062,0.05236313023255814
0,0.435,-0.02114147,-0.37939074,61.01647025,81.30303374,-0.5634259184496124,0.053091842325581395
0,0.44,-0.02105184,-0.37555125,61.01559228,81.30378718,-0.5628695086821706,0.05376424759689922
0,0.445,-0.02096563,-0.37178888,60.97797447,81.30970534,-0.5621461100775194,0.05436987488372093
0,0.45,-0.02088587,-0.36812061,60.97822717,81.31292328,-0.5612601675968992,0.054907490387596895
0,0.455,-0.02081537,-0.36455848,60.9469144,81.32168126,-0.5602383299224806,0.05538563612403101
0,0.46,-0.02075667,-0.36110788,60.94815478,81.32089499,-0.5591258908527131,0.05582127100775194
0,0.465,-0.02071201,-0.35776656,60.90750521,81.3295062,-0.5579818325581395,0.05623745534883721
0,0.47,-0.02068338,-0.35452638,60.90753384,81.33170269,-0.5568708479069767,0.05666033364341085
0,0.475,-0.02067249,-0.35137935,60.86981256,81.3377066,-0.5558535778294574,0.05711556914728682
0,0.48,-0.0206808,-0.3483238,60.86998031,81.34051505,-0.5549765251162792,0.05762371829457364
0,0.485,-0.02070943,-0.34536755,60.83206389,81.34702237,-0.5542653999999999,0.05819589224806202
0,0.49,-0.02075918,-0.34252907,60.83178034,81.34959415,-0.5537213958139535,0.058830360310077524
0,0.495,-0.02083044,-0.33983728,60.79894923,81.35905236,-0.5533220038759691,0.05951090542635659
0,0.5,-0.02092322,-0.33732849,60.80004695,81.35832209,-0.5530284344186046,0.06020943813953488
0,0.505,-0.02103709,-0.3350423,60.75491652,81.36613321,-0.5527951900775194,0.060891756744186044
0,0.51,-0.02117129,-0.33301578,60.75466987,81.36819943,-0.5525779782945736,0.06152357069767442
0,0.515,-0.02132472,-0.33127926,60.7159185,81.37708538,-0.5523371437209302,0.06207442511627907
0,0.52,-0.02149598,-0.32985432,60.71704446,81.37632352,-0.5520403156589148,0.06252105875968991
0,0.525,-0.02168334,-0.32875128,60.6726167,81.38341969,-0.5516641844961241,0.06284972186046511
0,0.53,-0.02188478,-0.32796603,60.67131389,81.3868294,-0.5511954063565891,0.06305716170542636
0,0.535,-0.02209802,-0.32747711,60.6640775,81.39437879,-0.5506322837209302,0.06315096418604652
0,0.54,-0.02232063,-0.3272431,60.60752006,81.39441307,-0.5499855493023256,0.06314850806201551
0,0.545,-0.02255017,-0.32720452,60.60469299,81.40004565,-0.5492747945736434,0.0630731415503876
0,0.55,-0.02278434,-0.3272892,60.56385314,81.40429583,-0.5485214093023256,0.06294877379844961
0,0.555,-0.02302103,-0.32741848,60.56506669,81.40358874,-0.5477434544186046,0.06279601023255814
0,0.56,-0.02325827,-0.32751176,60.51756369,81.41063571,-0.5469568409302326,0.06263283054263566
0,0.565,-0.02349432,-0.32749314,60.51679004,81.4152263,-0.5461782708527132,0.062475850387596905
0,0.57,-0.02372759,-0.32730138,60.47383908,81.42029324,-0.5454247621705427,0.062338750542635664
0,0.575,-0.02395676,-0.32689805,60.47118819,81.42149545,-0.544711598139535,0.0622307041860465
0,0.58,-0.02418071,-0.32626922,60.42487929,81.42559256,-0.544051842635659,0.06215618868217054
0,0.585,-0.02439856,-0.32542051,60.42353792,81.42913606,-0.5434583054263566,0.06211675751937984
0,0.59,-0.02460971,-0.32437159,60.37844901,81.43249877,-0.5429431068217054,0.0621128615503876
0,0.595,-0.02481378,-0.32315298,60.35290007,81.43496944,-0.5425137598449612,0.06214390868217054
0,0.6,-0.02501059,-0.32180178,60.35264929,81.4394554,-0.5421683446511628,0.06220744356589147
0,0.605,-0.02520004,-0.32035541,60.30894745,81.44389502,-0.5418926404651162,0.06229884325581396
0,0.61,-0.0253821,-0.31884688,60.30781296,81.44521601,-0.5416610931782946,0.062412060775193796
0,0.615,-0.02555678,-0.31730673,60.25957613,81.44895456,-0.5414391280620156,0.06254033968992248
0,0.62,-0.02572419,-0.3157664,60.23439225,81.45146191,-0.5411860662015504,0.06267702387596899
0,0.625,-0.02588452,-0.31425783,60.23422879,81.45512638,-0.5408604803100776,0.06281682248062015
0,0.63,-0.02603797,-0.31281297,60.18976504,81.45892737,-0.5404232013953489,0.06295501720930233
0,0.635,-0.02618476,-0.31146311,60.18890511,81.46144692,-0.5398381900775194,0.06308527984496125
0,0.64,-0.0263251,-0.3102352,60.14049003,81.46511979,-0.5390756265116279,0.06319924589147287
0,0.645,-0.02645929,-0.3091474,60.11510946,81.46700753,-0.5381155334883722,0.06328781519379846
0,0.65,-0.02658766,-0.30820595,60.0932985,81.47057741,-0.5369497621705427,0.06334204527131783
0,0.655,-0.02671046,-0.30740437,60.09384301,81.47406864,-0.5355830356589147,0.06335420635658914
0,0.66,-0.02682776,-0.30672413,60.04443371,81.47595978,-0.5340324781395349,0.06331884775193798
0,0.665,-0.0269394,-0.30613513,60.04145309,81.48113776,-0.5323273398449613,0.06323431751937984
0,0.67,-0.027045,-0.3055963,59.99678996,81.48195144,-0.5305087813953487,0.06310436744186046
0,0.675,-0.027144,-0.30505913,59.99628276,81.48452845,-0.5286264947286822,0.06293849100775194
0,0.68,-0.02723565,-0.30447474,59.94990419,81.48764955,-0.5267327305426357,0.06275088852713177
0,0.685,-0.02731899,-0.30380223,59.95007772,81.48964001,-0.5248791455813954,0.06255883860465115
0,0.69,-0.02739293,-0.30301404,59.90262422,81.49268258,-0.5231153826356589,0.062380975348837214
0,0.695,-0.02745621,-0.30209584,59.90423341,81.49176061,-0.5214868167441861,0.062235653178294575
0,0.7,-0.02750747,-0.30104257,59.85591647,81.49795647,-0.5200284758139534,0.062138121085271315
0,0.705,-0.02754529,-0.29985367,59.8574412,81.4969912,-0.5187571155038759,0.062096701395348834
0,0.71,-0.0275682,-0.29853125,59.80936146,81.50258807,-0.5176671764341085,0.062109768682170545
0,0.715,-0.02757474,-0.29708194,59.80143269,81.50617633,-0.5167314601550387,0.062165275348837215
0,0.72,-0.02756345,-0.2955208,59.76476086,81.50721518,-0.5159043506976744,0.06224286093023256
0,0.725,-0.02753274,-0.2938733,59.76489162,81.50955437,-0.5151287066666667,0.06231800372093023
0,0.73,-0.02748098,-0.29217584,59.76611968,81.50850851,-0.5143431468217055,0.062365678914728676
0,0.735,-0.02740651,-0.29047301,59.69924356,81.51354002,-0.5134895831007752,0.06236288899224806
0,0.74,-0.02730797,-0.28880892,59.70078885,81.51256525,-0.5125231297674419,0.06229253596899225
0,0.745,-0.02718452,-0.28721634,59.65227649,81.51663172,-0.5114201840310078,0.06214766651162791
0,0.75,-0.02703594,-0.28570964,59.65387328,81.5156767,-0.5101812905426357,0.06193361705426357
0,0.755,-0.02686264,-0.28428484,59.61281328,81.52029057,-0.5088280404651163,0.06166650480620155
0,0.76,-0.02666561,-0.28292447,59.61450618,81.51946994,-0.5073959029457364,0.061369018759689926
0,0.765,-0.02644637,-0.28160119,59.57186,81.52406983,-0.505926715503876,0.06106652728682171
0,0.77,-0.02620688,-0.28027944,59.5734557,81.52319546,-0.5044626401550387,0.060784378139534884
0,0.775,-0.02594953,-0.27892115,59.53407015,81.52814329,-0.5030421998449612,0.06054570604651163
0,0.78,-0.02567696,-0.27749636,59.53568666,81.52713148,-0.5016968641860465,0.06036880341085271
0,0.785,-0.02539207,-0.27599337,59.49584195,81.53031038,-0.5004476618604652,0.06026450620155039
0,0.79,-0.02509782,-0.27442303,59.49742804,81.52954107,-0.49930277271317824,0.06023494294573644
0,0.795,-0.02479714,-0.27281499,59.45957291,81.53441829,-0.4982578751937984,0.06027488139534884
0,0.8,-0.02449276,-0.27121055,59.46124485,81.53343217,-0.4972984434108527,0.06037444356589148
0,0.805,-0.02418705,-0.26965685,59.4582707,81.54049222,-0.4964036384496124,0.06052146387596899
0,0.81,-0.02388192,-0.26820064,59.41190704,81.53938769,-0.4955517359689922,0.06070323240310078
0,0.815,-0.02357875,-0.26688174,59.41353466,81.53838292,-0.4947239421705426,0.060906619534883716
0,0.82,-0.02327837,-0.26572737,59.40958277,81.54468369,-0.49390496093023256,0.06111680992248062
0,0.825,-0.02298104,-0.26474867,59.41064791,81.54353909,-0.49308062496124033,0.061315901550387596
0,0.83,-0.02268658,-0.26393821,59.34860497,81.54438975,-0.4922370675968992,0.06148430992248062
0,0.835,-0.02239453,-0.26327214,59.35006739,81.54357516,-0.4913635106976744,0.06160414062015504
0,0.84,-0.02210427,-0.26271359,59.34793179,81.54994123,-0.49045727519379845,0.0616632192248062
0,0.845,-0.02181504,-0.26221648,59.34894089,81.54898201,-0.48952746511627904,0.0616593719379845
0,0.85,-0.02152605,-0.26173053,59.28696593,81.54982242,-0.4885936372093023,0.06160194651162791
0,0.855,-0.02123658,-0.26121033,59.28834302,81.54919138,-0.48767798170542637,0.06150794046511628
0,0.86,-0.02094609,-0.2606254,59.28648204,81.55678028,-0.4867961179844961,0.06139566480620155
0,0.865,-0.02065413,-0.25996459,59.28733528,81.55583262,-0.4859519919379845,0.06127970697674418
0,0.87,-0.02036044,-0.25923132,59.23212407,81.55744608,-0.4851400530232558,0.0611700807751938
0,0.875,-0.020065,-0.25843534,59.23329309,81.55681817,-0.48434985178294576,0.06107315689922481
0,0.88,-0.01976814,-0.25758756,59.20162213,81.56150537,-0.4835701148837209,0.06099250976744186
0,0.885,-0.01947037,-0.25669944,59.20267234,81.56098377,-0.4827913144186046,0.060929547441860465
0,0.89,-0.01917227,-0.25578511,59.20359058,81.56076673,-0.48200599627906976,0.06088359751937984
0,0.895,-0.01887437,-0.25486257,59.16105367,81.56679629,-0.4812083272868217,0.06085126434108527
0,0.9,-0.01857713,-0.25395022,59.16197047,81.56613464,-0.4803949897674419,0.060826831162790695
0,0.905,-0.01828095,-0.25305912,59.13221429,81.57158354,-0.47956639100775195,0.060803935503875965
0,0.91,-0.01798608,-0.25218474,59.1330525,81.57092007,-0.4787283496124031,0.06077808263565891
0,0.915,-0.01769259,-0.25130439,59.1291843,81.57462511,-0.4778936700775194,0.06074911519379845
0,0.92,-0.01740033,-0.25038059,59.08856753,81.57522851,-0.47708218945736436,0.06072203147286822
0,0.925,-0.01710898,-0.24936918,59.08943175,81.57487252,-0.47631759100775195,0.060705119224806196
0,0.93,-0.01681812,-0.248227,59.05850466,81.57955545,-0.4756228631007752,0.06070773860465117
0,0.935,-0.01652722,-0.24691726,59.05918972,81.57912528,-0.47501700449612405,0.06073828635658915
0,0.94,-0.01623561,-0.24541321,59.03196032,81.58434704,-0.47451246232558136,0.06080269534883721
0,0.945,-0.01594244,-0.24370197,59.02994024,81.5856202,-0.47411372434108523,0.06090415286821705
0,0.95,-0.01564664,-0.24178694,59.03049739,81.58525625,-0.47381753968992246,0.06104351457364342
0,0.955,-0.01534707,-0.23969064,58.98630759,81.58812046,-0.47361354403100775,0.061219006666666666
0,0.96,-0.01504261,-0.23745777,58.98691593,81.59167916,-0.4734845862015504,0.06142561271317829
0,0.965,-0.01473231,-0.23515338,58.95723106,81.5937962,-0.47340990356589147,0.061655713178294574
0,0.97,-0.01441541,-0.23285456,58.95772171,81.59356203,-0.47337026775193797,0.06190091937984496
0,0.975,-0.01409137,-0.23063758,58.93029197,81.59800033,-0.4733521790697674,0.06215377069767442
0,0.98,-0.01375981,-0.22856862,58.93076187,81.59786762,-0.4733487153488372,0.06240746248062016
0,0.985,-0.01342052,-0.22669852,58.92806357,81.60552583,-0.47335795565891475,0.06265461550387597
0,0.99,-0.0130735,-0.22505759,58.89261365,81.60950293,-0.473381340620155,0.0628878841860465
0,0.995,-0.01271907,-0.22365036,58.89277387,81.60902382,-0.47342402976744186,0.06310263968992248
0,1.0,-0.01235795,-0.22245693,58.86272436,81.61178867,-0.473494503875969,0.06329862899224806
0,1.005,-0.01199129,-0.22144014,58.86306834,81.61160699,-0.47360265178294575,0.06347895441860466
0,1.01,-0.01162058,-0.22055273,58.83944408,81.61748951,-0.4737584108527132,0.0636486823255814
0,1.015,-0.01124753,-0.21974454,58.83982632,81.61740796,-0.4739700939534884,0.06381345643410853
0,1.02,-0.01087403,-0.21896898,58.83872635,81.62380929,-0.4742429251162791,0.06397832542635659
0,1.025,-0.01050205,-0.21818847,58.80386719,81.62634694,-0.4745769499224806,0.06414628170542636
0,1.03,-0.01013363,-0.21737918,58.79946614,81.63002649,-0.47496412124031007,0.06431642263565891
0,1.035,-0.00977085,-0.21653437,58.79979676,81.62990959,-0.47538518403100777,0.06448218527131783
0,1.04,-0.0094157,-0.21566239,58.79773009,81.63648079,-0.4758091576744186,0.06463140294573644
0,1.045,-0.00907007,-0.21477965,58.76216971,81.63932637,-0.47619858511627905,0.06474943441860465
0,1.05,-0.00873574,-0.21390316,58.76238639,81.63929155,-0.47651718201550386,0.06482313596899224
0,1.055,-0.0084143,-0.21304726,58.7610047,81.64613535,-0.476735688372093,0.06484350914728682
0,1.06,-0.00810711,-0.21222591,58.76109594,81.64600595,-0.4768365299224806,0.06480676496124031
0,1.065,-0.00781525,-0.21145532,58.75574584,81.65442876,-0.47681604403100775,0.06471385705426357
0,1.07,-0.00753964,-0.21075321,58.71775684,81.65783924,-0.47668467875968995,0.06457003813953488
0,1.075,-0.00728118,-0.21013855,58.71823832,81.65764518,-0.4764639662015504,0.06438400868217055
0,1.08,-0.00704082,-0.20962891,58.71749943,81.66361974,-0.47618242062015503,0.06416752527131783
0,1.085,-0.00681943,-0.20923536,58.7174397,81.66349974,-0.4758699046511628,0.06393465085271317
0,1.09,-0.00661784,-0.2089573,58.68218013,81.67129329,-0.47555321255813954,0.06370000527131782
0,1.095,-0.00643677,-0.2087805,58.68235459,81.67129761,-0.4752548144186046,0.06347685178294574
0,1.1,-0.00627674,-0.20868019,58.68148915,81.67701252,-0.4749934300775194,0.06327648883720931
0,1.105,-0.00613799,-0.20863007,58.68141204,81.67701234,-0.47478581379844964,0.06310905798449612
0,1.11,-0.00602032,-0.20861094,58.6777661,81.6847928,-0.4746479831007752,0.062984123875969
0,1.115,-0.00592317,-0.20861335,58.66557164,81.69220484,-0.4745926289922481,0.06290943720930232
0,1.12,-0.00584577,-0.2086343,58.66319129,81.69148492,-0.47462654775193797,0.06289012651162791
0,1.125,-0.00578733,-0.20867184,58.62836553,81.69500285,-0.4747483058914729,0.06292805860465116
0,1.13,-0.00574713,-0.20871915,58.62851273,81.69509642,-0.4749461249612403,0.06302151968992248
0,1.135,-0.00572455,-0.20876269,58.62710457,81.7006385,-0.4751973731782946,0.06316509240310078
0,1.14,-0.00571893,-0.20878621,58.62721773,81.70057863,-0.4754706243410853,0.06334932542635659
0,1.145,-0.00572951,-0.20877432,58.62129046,81.70839755,-0.4757290941085271,0.0635606062015504
0,1.15,-0.00575546,-0.20871656,58.59544907,81.70890535,-0.4759328581395349,0.06378049255813953
0,1.155,-0.00579589,-0.20861238,58.59469447,81.7106425,-0.47604334806201554,0.0639871631007752
0,1.16,-0.00584985,-0.20847152,58.59478995,81.71074515,-0.4760304103875969,0.06415954248062015
0,1.165,-0.00591626,-0.20831274,58.59073742,81.71839808,-0.47587836945736434,0.06428088697674418
0,1.17,-0.0059939,-0.20816086,58.58946602,81.71877048,-0.475587636744186,0.06434006201550388
0,1.175,-0.00608145,-0.20804009,58.56317751,81.72183163,-0.4751735524031008,0.06433269054263567
0,1.18,-0.00617755,-0.20796502,58.56346469,81.72172789,-0.47466565705426356,0.06426291410852714
0,1.185,-0.00628082,-0.2079352,58.56256148,81.7242868,-0.47410446372093024,0.0641433319379845
0,1.19,-0.0063898,-0.20793181,58.56275073,81.72417684,-0.47353485674418605,0.06399251178294574
0,1.195,-0.00650295,-0.20791604,58.5381202,81.72839493,-0.47300008558139534,0.06383222356589148
0,1.2,-0.00661861,-0.2078312,58.53855528,81.7282413,-0.4725377708527132,0.06368494775193799
0,1.205,-0.00673497,-0.20760944,58.53821119,81.7299301,-0.4721766187596899,0.06357097007751938
0,1.21,-0.00684995,-0.20718207,58.53868707,81.72976739,-0.4719341572093023,0.06350594930232559
0,1.215,-0.0069612,-0.20648862,58.5368505,81.73289216,-0.4718147001550388,0.06349977581395348
0,1.22,-0.00706608,-0.2054871,58.53737356,81.73250889,-0.4718076869767442,0.06355560031007751
0,1.225,-0.00716187,-0.20416538,58.50921654,81.73566785,-0.47188779968992245,0.06366893798449613
0,1.23,-0.00724584,-0.20254833,58.50971595,81.73535449,-0.47201734682170543,0.06382750744186046
0,1.235,-0.00731534,-0.20069679,58.51012767,81.73516729,-0.47215199813953485,0.06401361813953488
0,1.24,-0.00736772,-0.19869685,58.50868188,81.73673813,-0.47224746604651163,0.06420781178294573
0,1.245,-0.00740036,-0.19664388,58.50930775,81.7362703,-0.47226403829457364,0.06439126325581396
0,1.25,-0.00741066,-0.19462802,58.50487246,81.73780712,-0.47216876837209304,0.06454695534883721
0,1.255,-0.00739622,-0.19272388,58.50508438,81.73740476,-0.47193901550387596,0.06466139612403102
0,1.26,-0.00735505,-0.19098166,58.47268301,81.7369308,-0.471570543875969,0.06472803472868216
0,1.265,-0.00728571,-0.1894207,58.47321279,81.73666214,-0.4710837851162791,0.06475031519379845
0,1.27,-0.00718734,-0.18802957,58.47234949,81.73747389,-0.4705212693023256,0.06474105829457363
0,1.275,-0.00705954,-0.18677557,58.47010016,81.73720793,-0.46993727519379846,0.06471828992248063
0,1.28,-0.0069023,-0.18562044,58.47044073,81.73690253,-0.46938596821705425,0.06470011116279069
0,1.285,-0.0067159,-0.18453291,58.47071622,81.73662788,-0.4689119854263566,0.06470022976744186
0,1.29,-0.00650101,-0.18349484,58.46844193,81.73677558,-0.46854434883720936,0.06472568418604652
0,1.295,-0.00625879,-0.18250298,58.44046097,81.73520269,-0.46829513860465116,0.0647771080620155
0,1.3,-0.00599101,-0.18156718,58.43991695,81.73562825,-0.46816141596899224,0.06485019255813954
0,1.305,-0.00570004,-0.18070672,58.44015427,81.73547979,-0.4681285364341085,0.06493750558139534
0,1.31,-0.0053888,-0.17994701,58.4391273,81.73569274,-0.46817289798449613,0.06502974558139535
0,1.315,-0.00506061,-0.17931445,58.42245137,81.73529748,-0.4682646221705426,0.06511721751937985
0,1.32,-0.00471908,-0.17883059,58.42263721,81.73510292,-0.4683702231007752,0.06519124976744185
0,1.325,-0.00436801,-0.17850806,58.4227006,81.73495131,-0.4684563527131783,0.06524498744186047
0,1.33,-0.00401113,-0.17834559,58.42259625,81.7348406,-0.46849447860465115,0.06527432666666666
0,1.335,-0.00365207,-0.17832529,58.42255705,81.73486028,-0.4684635305426357,0.0652782
0,1.34,-0.00329421,-0.17841621,58.42108408,81.73485384,-0.46834948666666665,0.06525738542635659
0,1.345,-0.00294072,-0.17858378,58.40287769,81.73609428,-0.4681430500775194,0.06521238170542636
0,1.35,-0.00259457,-0.17879611,58.40285834,81.73609838,-0.4678379956589147,0.06514236976744187
0,1.355,-0.00225852,-0.17902432,58.40277844,81.7359589,-0.467430899379845,0.06504522015503876
0,1.36,-0.00193494,-0.17924276,58.4027477,81.73596739,-0.4669206147286822,0.06491708713178296
0,1.365,-0.00162572,-0.17943056,58.40143397,81.73579282,-0.4663086662015504,0.06475203209302326
0,1.37,-0.00133216,-0.17957324,58.40138819,81.73580424,-0.4655994703875969,0.06454239968992248
0,1.375,-0.00105493,-0.17966195,58.40092369,81.73586087,-0.4648009187596899,0.06428071891472868
0,1.38,-0.00079411,-0.17968901,58.40088487,81.73585717,-0.46392750465116284,0.06396318558139535
0,1.385,-0.00054924,-0.17964462,58.39866449,81.73568855,-0.4630036142635659,0.06359305162790699
0,1.39,-0.00031941,-0.17951836,58.39818102,81.73585609,-0.4620634147286822,0.06318208992248062
0,1.395,-0.00010339,-0.1793024,58.39818102,81.73585609,-0.4611475942635659,0.0627495727131783
0,1.4,0.00010023,-0.17899279,58.38724168,81.73956125,-0.46030117209302324,0.06232084108527131
0,1.405,0.00029284,-0.17859029,58.3855773,81.73753234,-0.4595698694573644,0.06192433286821705
0,1.41,0.00047579,-0.17809798,58.38548691,81.73756559,-0.4589954693023256,0.06158798697674418
0,1.415,0.00065034,-0.17751683,58.3849422,81.73777371,-0.45861183751937984,0.06133699860465116
0,1.42,0.00081767,-0.1768456,58.38489619,81.73777056,-0.4584417897674419,0.061191946356589144
0,1.425,0.00097889,-0.17608202,58.38337733,81.73738859,-0.4584981054263566,0.06116843472868217
0,1.43,0.00113499,-0.17522536,58.37857852,81.73702063,-0.4587850324031008,0.06127535457364341
0,1.435,0.00128688,-0.17428124,58.37846167,81.73713388,-0.45929736015503875,0.061512055968992244
0,1.44,0.00143535,-0.17326385,58.37819976,81.73728537,-0.460019359379845,0.061867406976744185
0,1.445,0.00158106,-0.17219616,58.37793085,81.73739923,-0.4609237096124031,0.06232040511627907
0,1.45,0.00172459,-0.17111004,58.37764144,81.7374893,-0.46197248108527134,0.06284216713178294
0,1.455,0.00186639,-0.17004563,58.37733003,81.73755803,-0.46312041348837213,0.06339870465116279
0,1.46,0.00200681,-0.16904881,58.37674773,81.73645669,-0.46431684480620156,0.06395364666666667
0,1.465,0.0021461,-0.16816689,58.37643979,81.73666637,-0.46550838790697674,0.06447160775193798
0,1.47,0.00228438,-0.16744263,58.37615817,81.73681102,-0.46664589627906977,0.0649222072868217
0,1.475,0.00242162,-0.16691047,58.37586594,81.73692804,-0.46769020589147287,0.06528240418604651
0,1.48,0.00255771,-0.16659438,58.37733836,81.73469494,-0.4686140454263566,0.06553741100775194
0,1.485,0.00269239,-0.1665054,58.37687581,81.73501618,-0.4694037231007752,0.06568149255813953
0,1.49,0.00282527,-0.16664078,58.37659829,81.73521594,-0.47005906217054266,0.0657169496124031
0,1.495,0.00295586,-0.16698538,58.37680832,81.73521584,-0.4705916049612403,0.06565207410852714
0,1.5,0.0030835,-0.16751481,58.37639477,81.73554833,-0.4710213334883721,0.06549929596899225
0,1.505,0.00320747,-0.16819755,58.37610767,81.73582919,-0.47137369209302327,0.06527462697674419
0,1.51,0.00332699,-0.1689949,58.38297374,81.73862568,-0.47167874170542634,0.0649987888372093
0,1.515,0.00344129,-0.16986277,58.38258944,81.7370244,-0.4719699924031008,0.06469680403100775
0,1.52,0.00354965,-0.17075818,58.38202951,81.73731588,-0.472280687751938,0.06439511906976744
0,1.525,0.00365137,-0.17164463,58.38244983,81.73710601,-0.4726407550387597,0.06411884418604652
0,1.53,0.00374583,-0.1724941,58.38988867,81.73845855,-0.473075936744186,0.06389047147286822
0,1.535,0.00383247,-0.1732882,58.38927003,81.73856234,-0.47360543023255813,0.0637279519379845
0,1.54,0.00391079,-0.17401834,58.38876867,81.73869083,-0.47423740155038757,0.06364238511627907
0,1.545,0.00398031,-0.17468164,58.38833556,81.73888152,-0.47496698697674417,0.0636372665116279
0,1.55,0.00404055,-0.17527407,58.3890962,81.73875584,-0.47577842728682174,0.06370926108527131
0,1.555,0.00409103,-0.17578774,58.38846385,81.73936534,-0.47664788496124033,0.06384905441860465
0,1.56,0.00413134,-0.17621677,58.39974728,81.73923476,-0.4775433756589147,0.06404102
0,1.565,0.00416122,-0.17656339,58.3991592,81.73965975,-0.4784252851162791,0.0642642896124031
0,1.57,0.00418052,-0.17683946,58.39867427,81.74012816,-0.47925116899224807,0.06449632046511629
0,1.575,0.0041892,-0.17706326,58.40189249,81.74431641,-0.47998317937984497,0.06471737860465115
0,1.58,0.00418726,-0.17725394,58.40124968,81.74455518,-0.48059610992248064,0.0649147542635659
0,1.585,0.0041747,-0.17742723,58.40166979,81.74419308,-0.4810808807751938,0.0650833680620155
0,1.59,0.00415153,-0.17759107,58.40803172,81.74735424,-0.4814435164341085,0.06522386697674419
0,1.595,0.00411781,-0.17773856,58.40778299,81.74638389,-0.4817027004651163,0.06534078449612403
0,1.6,0.00407359,-0.17784659,58.40708869,81.74674301,-0.4818858573643411,0.06544034372093023
0,1.605,0.00401897,-0.17788343,58.40760359,81.74654378,-0.48202527023255815,0.06552852511627906
0,1.61,0.00395404,-0.1778163,58.40695409,81.74706093,-0.4821571164341085,0.06561119705426356
0,1.615,0.00387897,-0.17761765,58.41484626,81.74660507,-0.48231851922480623,0.06569371519379845
0,1.62,0.003794,-0.17727011,58.41538399,81.74723893,-0.48254250930232556,0.06577905565891473
0,1.625,0.00369949,-0.1767709,58.41498696,81.74754151,-0.4828537327131783,0.06586646635658915
0,1.63,0.00359581,-0.17613416,58.41540076,81.74755123,-0.48326620201550385,0.06595221271317829
0,1.635,0.00348332,-0.17539203,58.41492027,81.74793872,-0.4837836595348837,0.0660319934883721
0,1.64,0.00336236,-0.17459321,58.41564356,81.74805203,-0.48439917829457363,0.06610241736434108
0,1.645,0.00323325,-0.17379707,58.41522627,81.74843773,-0.48509495844961237,0.06616105209302327
0,1.65,0.00309633,-0.17306393,58.4150698,81.74867529,-0.4858444091472868,0.06620676899224806
0,1.655,0.00295204,-0.17244673,58.42089412,81.75055094,-0.4866135182945736,0.06623957534883722
0,1.66,0.00280101,-0.17198558,58.42079057,81.74863323,-0.48736122527131787,0.06625954558139535
0,1.665,0.00264406,-0.1717056,58.42074105,81.74873307,-0.48804203984496125,0.06626596821705426
0,1.67,0.0024823,-0.17161432,58.42815238,81.74454453,-0.48861261674418605,0.06625698511627907
0,1.675,0.00231703,-0.17169537,58.42795044,81.74455315,-0.48904040589147285,0.06623016790697675
0,1.68,0.00214976,-0.17190723,58.42783159,81.74472307,-0.48930954124031006,0.06618343069767442
0,1.685,0.00198206,-0.17218985,58.42778885,81.74479718,-0.48942135565891476,0.06611601364341085
0,1.69,0.00181544,-0.1724753,58.42780031,81.74481567,-0.48939197751937985,0.06602976139534884
0,1.695,0.00165129,-0.17270041,58.42830246,81.74446828,-0.48924783023255813,0.06592966666666666
0,1.7,0.00149077,-0.17281788,58.4284036,81.7444469,-0.48902197224806204,0.06582386263565891
0,1.705,0.00133479,-0.17280044,58.42842761,81.744436,-0.4887519530232558,0.06572385441860465
0,1.71,0.00118398,-0.17263958,58.42855065,81.74435103,-0.4884772544186046,0.0656440553488372
0,1.715,0.00103876,-0.17234118,58.42857963,81.74432855,-0.48823487581395353,0.06560020341085271
0,1.72,0.00089929,-0.17191983,58.42857963,81.74432855,-0.4880534027906977,0.06560625038759689
0,1.725,0.00076566,-0.17139773,58.43745424,81.73912911,-0.48794784992248064,0.06566951565891473
0,1.73,0.00063787,-0.17080453,58.4375173,81.73914324,-0.4879152539534884,0.06578542294573643
0,1.735,0.00051591,-0.17017493,58.43840206,81.74005275,-0.4879353189147287,0.06593727674418605
0,1.74,0.00039978,-0.16954613,58.4388914,81.73992238,-0.48797780604651164,0.06610180790697674
0,1.745,0.00028942,-0.1689542,58.43890719,81.73993193,-0.4880124669767442,0.06625662744186046
0,1.75,0.00018479,-0.16842902,58.43983258,81.74045484,-0.48801620170542637,0.06638618325581395
0,1.755,8.588e-05,-0.16799275,58.45037666,81.73947961,-0.4879750072868217,0.06648287751937984
0,1.76,-7.27e-06,-0.16765933,58.45041226,81.73947713,-0.4878835249612403,0.06654570031007752
0,1.765,-9.457e-05,-0.16743353,58.45148077,81.73997559,-0.4877441510077519,0.06657824775193799
0,1.77,-0.00017591,-0.16731239,58.45195006,81.73979335,-0.48756531178294577,0.06658632139534884
0,1.775,-0.00025121,-0.16728738,58.4519599,81.7398056,-0.4873591460465116,0.06657579550387596
0,1.78,-0.0003204,-0.16734593,58.46197642,81.73880791,-0.487140147751938,0.06655175364341084
0,1.785,-0.00038347,-0.16747334,58.46256265,81.73998523,-0.48692473627906974,0.06651788821705426
0,1.79,-0.00044046,-0.16765226,58.46318654,81.74052953,-0.48672948666666666,0.06647619736434109
0,1.795,-0.00049152,-0.16786049,58.46368882,81.74090227,-0.4865685024806201,0.06642751302325582
0,1.8,-0.00053696,-0.16807154,58.4642258,81.74071384,-0.48645179627906976,0.0663722950387597
0,1.805,-0.00057724,-0.16825729,58.46450696,81.74080278,-0.48638700155038755,0.066312376124031
0,1.81,-0.00061303,-0.16838942,58.47016041,81.73915957,-0.48638242728682174,0.06625298124031007
0,1.815,-0.00064509,-0.16843705,58.47090621,81.74090932,-0.48644785147286823,0.06620315689922482
0,1.82,-0.00067434,-0.16836733,58.47142158,81.74149406,-0.4865931020155039,0.06617443643410853
0,1.825,-0.00070181,-0.16815173,58.47175018,81.74182385,-0.4868262545736434,0.06617907689922481
0,1.83,-0.00072863,-0.16777288,58.47207801,81.74194747,-0.4871520201550388,0.06622855209302327
0,1.835,-0.00075605,-0.16722884,58.47233102,81.74197313,-0.48756879147286825,0.06633157689922481
0,1.84,-0.00078533,-0.16653753,58.47259993,81.7419023,-0.48806462093023256,0.06649201364341085
0,1.845,-0.00081776,-0.16574373,58.47931119,81.74337207,-0.48861330046511625,0.06670580852713177
0,1.85,-0.00085457,-0.16492286,58.4791343,81.74366739,-0.4891742358139535,0.06695890356589147
0,1.855,-0.00089689,-0.16417411,58.47909969,81.74377542,-0.4896970654263566,0.06722820170542636
0,1.86,-0.00094573,-0.16360472,58.4794339,81.74357239,-0.4901302959689922,0.06748572651162792
0,1.865,-0.00100197,-0.16331114,58.47887062,81.74376337,-0.49043035209302327,0.0677043672868217
0,1.87,-0.00106636,-0.16336496,58.47887242,81.7437593,-0.4905682646511628,0.06786253643410853
0,1.875,-0.00113943,-0.16380211,58.47850343,81.74357203,-0.49053436635658915,0.06794692325581395
0,1.88,-0.00122157,-0.16461483,58.47851139,81.74356108,-0.4903397517829457,0.0679537334883721
0,1.885,-0.00131298,-0.16575157,58.47530312,81.74103814,-0.490012816124031,0.06788802930232558
0,1.89,-0.00141367,-0.16712668,58.47531798,81.74106946,-0.4895917168992248,0.06776162992248061
0,1.895,-0.00152343,-0.16863579,58.47558103,81.74252236,-0.4891170660465116,0.06759031875968992
0,1.9,-0.00164189,-0.17017029,58.47558983,81.74252171,-0.4886265150387597,0.06739155178294574
0,1.905,-0.00176845,-0.17163052,58.47599972,81.74232719,-0.4881524852713178,0.06718329131782945
0,1.91,-0.00190233,-0.17293654,58.47596601,81.74234338,-0.48772091674418605,0.06698256620155038
0,1.915,-0.00204269,-0.17403499,58.46728686,81.74505524,-0.4873490854263566,0.06680322775193798
0,1.92,-0.0021886,-0.17489996,58.4672747,81.7450296,-0.4870439995348837,0.0666544280620155
0,1.925,-0.00233913,-0.17552972,58.46744992,81.74464081,-0.4868024086821705,0.06654049550387597
0,1.93,-0.00249333,-0.17594259,58.46742063,81.74462566,-0.4866115589147287,0.0664610503875969
0,1.935,-0.0026502,-0.17616672,58.4675206,81.74427638,-0.4864549097674419,0.06641371209302326
0,1.94,-0.00280882,-0.17622692,58.45427367,81.74490409,-0.4863197737984496,0.06639813069767442
0,1.945,-0.0029683,-0.17614246,58.45429992,81.74460287,-0.48619879131782945,0.06641635519379845
0,1.95,-0.00312784,-0.17593128,58.4542323,81.74426015,-0.48608727333333335,0.06647077767441861
0,1.955,-0.00328665,-0.17561114,58.45346408,81.74381673,-0.48598304108527135,0.06656312124031008
0,1.96,-0.00344395,-0.17520039,58.45352072,81.74379913,-0.48588662201550387,0.06669337782945736
0,1.965,-0.00359896,-0.17472135,58.43789371,81.74382515,-0.4858006063565891,0.06685884542635659
0,1.97,-0.00375091,-0.17420257,58.43797594,81.74380707,-0.48572867999999997,0.0670541968992248
0,1.975,-0.00389902,-0.17367573,58.43817565,81.7438132,-0.48567568325581395,0.06727282511627908
0,1.98,-0.00404245,-0.17317154,58.43824306,81.74381994,-0.4856476623255814,0.0675081288372093
0,1.985,-0.00418023,-0.17271979,58.43821221,81.74424157,-0.48565058635658914,0.06775288744186046
0,1.99,-0.00431131,-0.1723523,58.43632486,81.74621963,-0.48568794170542634,0.06799796031007753
0,1.995,-0.00443459,-0.17210103,58.43669185,81.74594383,-0.4857594130232558,0.06823285751937984
0,2.0,-0.00454912,-0.17199381,58.43624116,81.74588357,-0.48585893147286824,0.06844648124031008
0,2.005,-0.00465424,-0.17205311,58.40925597,81.74307805,-0.48597147302325583,0.06862721968992248
0,2.01,-0.00474974,-0.1722969,58.40958646,81.74264708,-0.4860715941085271,0.06876344294573644
0,2.015,-0.00483585,-0.1727395,58.40951966,81.74292624,-0.4861255043410853,0.06884445395348837
0,2.02,-0.00491314,-0.17338916,58.40975991,81.74306988,-0.48609608604651167,0.06886168930232558
0,2.025,-0.00498245,-0.17424328,58.40990936,81.74322035,-0.4859495063565891,0.06881023302325583
0,2.03,-0.00504477,-0.17528435,58.40936239,81.74383397,-0.48566100635658915,0.06869015782945737
0,2.035,-0.00510124,-0.17647686,58.39360473,81.74252109,-0.4852200734883721,0.06850755798449612
0,2.04,-0.00515311,-0.177767,58.39417157,81.74227725,-0.48463247519379843,0.0682736119379845
0,2.045,-0.00520175,-0.17908663,58.39473023,81.74180554,-0.48391919674418604,0.06800217023255814
0,2.05,-0.00524848,-0.18036267,58.39510564,81.74151514,-0.48311305937984494,0.06770744124031007
0,2.055,-0.00529453,-0.18152706,58.39099793,81.74357178,-0.4822535533333333,0.06740264589147286
0,2.06,-0.00534099,-0.18252427,58.39052076,81.74162853,-0.48138234139534886,0.06709907054263566
0,2.065,-0.00538879,-0.18331569,58.39069513,81.74075716,-0.48053835472868217,0.06680499689922481
0,2.07,-0.00543866,-0.18388193,58.39098123,81.74011285,-0.4797532627906977,0.06652536620155038
0,2.075,-0.00549124,-0.18422352,58.37579906,81.73711858,-0.4790489106976744,0.06626215395348838
0,2.08,-0.00554706,-0.18435944,58.37654991,81.73620404,-0.47843731178294574,0.06601546790697674
0,2.085,-0.00560656,-0.18432638,58.37717684,81.73550095,-0.4779204945736434,0.06578326666666666
0,2.09,-0.00567001,-0.18417785,58.37770149,81.73489671,-0.47749022108527134,0.06556041736434108
0,2.095,-0.00573753,-0.18397962,58.36803189,81.73175756,-0.47712950775193796,0.06533968604651162
0,2.1,-0.00580901,-0.1838035,58.3677469,81.73162034,-0.47681646356589147,0.06511340790697676
0,2.105,-0.00588411,-0.18372214,58.36815331,81.73037897,-0.4765299403100775,0.06487458248062015
0,2.11,-0.00596224,-0.18380508,58.3609057,81.72698739,-0.4762523866666667,0.06461772713178295
0,2.115,-0.0060425,-0.1841119,58.36177878,81.72652022,-0.47596947100775194,0.06433943627906977
0,2.12,-0.00612366,-0.18468494,58.36212723,81.72620725,-0.47566939426356586,0.06403800604651164
0,2.125,-0.00620419,-0.18554437,58.35404508,81.72196579,-0.4753433968992248,0.06371290837209302
0,2.13,-0.00628225,-0.18668546,58.35482269,81.72171532,-0.4749874319379845,0.06336507813953489
0,2.135,-0.00635576,-0.18808011,58.35539649,81.72127219,-0.47460426945736434,0.0629973023255814
0,2.14,-0.00642239,-0.18968171,58.34515222,81.71616466,-0.4742045990697675,0.06261404914728683
0,2.145,-0.00647974,-0.19143031,58.34578166,81.7159023,-0.47380493984496125,0.06222091302325581
0,2.15,-0.00652531,-0.19325826,58.33764424,81.71361364,-0.4734243134883721,0.061823830697674415
0,2.155,-0.00655667,-0.19509949,58.33810959,81.71362636,-0.47307809410852714,0.06142638852713178
0,2.16,-0.00657146,-0.1968992,58.33886947,81.71305308,-0.4727728296124031,0.06102855519379845
0,2.165,-0.00656749,-0.19861982,58.32387399,81.70713535,-0.47250540728682167,0.060627992093023254
0,2.17,-0.00654292,-0.20024384,58.32468534,81.70683655,-0.4722647558139535,0.060221242635658916
0,2.175,-0.00649628,-0.20177185,58.32476933,81.70900175,-0.4720358189147287,0.059804823100775194
0,2.18,-0.00642663,-0.20321732,58.30939337,81.7042615,-0.47180472558139536,0.05937678418604651
0,2.185,-0.00633366,-0.20460019,58.3098828,81.70369553,-0.47156194108527133,0.05893761379844961
0,2.19,-0.0062177,-0.20594114,58.30798009,81.7038532,-0.4713025395348837,0.05848932852713178
0,2.195,-0.00607982,-0.20725881,58.29120639,81.69914079,-0.4710233449612403,0.05803292139534883
0,2.2,-0.00592182,-0.20857046,58.29115193,81.70083354,-0.4707190942635659,0.05756649519379845
0,2.205,-0.00574627,-0.20989064,58.28944666,81.699927,-0.4703831620155039,0.057086863720930234
0,2.21,-0.00555643,-0.21122565,58.28981931,81.69944031,-0.470012707751938,0.05659323069767442
0,2.215,-0.00535624,-0.21256823,58.27094089,81.69654681,-0.46961346914728685,0.05608929674418605
0,2.22,-0.0051503,-0.21389561,58.27013676,81.69705541,-0.469202916744186,0.05558387782945736
0,2.225,-0.00494379,-0.21516939,58.26802881,81.69677285,-0.46881060434108524,0.05509012713178294
0,2.23,-0.00474235,-0.21633879,58.26499033,81.69629623,-0.4684743590697675,0.054623460620155044
0,2.235,-0.00455191,-0.21734827,58.26422648,81.69681312,-0.46823335131782945,0.05419937162790698
0,2.24,-0.00437858,-0.21814685,58.26084338,81.6962839,-0.4681207482170543,0.05383179705426357
0,2.245,-0.00422856,-0.21869784,58.25506375,81.69629476,-0.46815821519379847,0.05353169751937985
0,2.25,-0.00410804,-0.21898827,58.24837616,81.69739646,-0.4683514964341085,0.05330485782945737
0,2.255,-0.0040231,-0.21903365,58.24811676,81.69766168,-0.46868974418604653,0.05315137054263566
0,2.26,-0.0039795,-0.21887945,58.24623211,81.69842274,-0.4691475415503876,0.05306653891472868
0,2.265,-0.0039825,-0.21859682,58.24552841,81.69903547,-0.4696886018604651,0.0530423519379845
0,2.27,-0.00403665,-0.21827616,58.24582495,81.69882819,-0.47026895488372095,0.053068399534883716
0,2.275,-0.00414562,-0.21801861,58.24441673,81.70091577,-0.47083837054263566,0.053132221860465116
0,2.28,-0.00431208,-0.2179236,58.24467562,81.70071621,-0.47134171069767444,0.053219753798449614
0,2.285,-0.00453758,-0.21807482,58.24506981,81.70055943,-0.4717211778294574,0.05331485224806202
0,2.29,-0.00482256,-0.21852835,58.2431448,81.70422589,-0.47192263100775195,0.053399743875969
0,2.295,-0.0051663,-0.21930541,58.24357997,81.70394282,-0.47190583875968994,0.053457181550387596
0,2.3,-0.00556702,-0.22038797,58.243969,81.70378055,-0.4716543170542635,0.053474302635658916
0,2.305,-0.00602191,-0.22172001,58.23043344,81.70684718,-0.47117840573643416,0.05344503410852713
0,2.31,-0.00652725,-0.22321679,58.23103031,81.70661105,-0.47051358434108526,0.05337033488372093
0,2.315,-0.00707842,-0.22477725,58.23153461,81.70710919,-0.4697168068217054,0.05325803007751938
0,2.32,-0.00766992,-0.22629805,58.22966504,81.71344611,-0.46885872403100776,0.053121285891472865
0,2.325,-0.0082954,-0.2276858,58.22194263,81.70903677,-0.46801344744186046,0.05297588325581395
0,2.33,-0.00894769,-0.22886615,58.22256344,81.70924868,-0.4672471672868217,0.052836902015503874
0,2.335,-0.00961886,-0.22978982,58.21403979,81.71061987,-0.466608043875969,0.052716462015503875
0,2.34,-0.01030031,-0.23043339,58.21371443,81.7123893,-0.466121107751938,0.05262341100775194
0,2.345,-0.01098283,-0.23079655,58.20845879,81.71311342,-0.46579161953488374,0.052565528217054264
0,2.35,-0.01165669,-0.2309019,58.20927147,81.71178599,-0.4656102068217054,0.052551023100775196
0,2.355,-0.01231181,-0.23079404,58.19643933,81.70874058,-0.4655550604651163,0.05258675178294574
0,2.36,-0.01293794,-0.23053386,58.19787462,81.7083893,-0.4655926568992248,0.052674639069767444
0,2.365,-0.01352487,-0.23018942,58.18248253,81.7061927,-0.465682639379845,0.05281127751937984
0,2.37,-0.01406271,-0.22982517,58.18320683,81.70471483,-0.4657861792248062,0.05299041178294574
0,2.375,-0.0145421,-0.2294947,58.16651153,81.70226589,-0.4658724272868217,0.0532047807751938
0,2.38,-0.01495446,-0.22923788,58.16240837,81.70166721,-0.46591930046511626,0.05344629674418605
0,2.385,-0.01529221,-0.22907837,58.14731281,81.69617109,-0.4659130141085271,0.05370659891472868
0,2.39,-0.01554891,-0.22902318,58.13403273,81.69347045,-0.465849756124031,0.05397885519379845
0,2.395,-0.0157194,-0.22906916,58.12421957,81.690882,-0.46573540062015506,0.05425811937984496
0,2.4,-0.0157998,-0.22921208,58.11366175,81.68778816,-0.46558296868217053,0.05454057519379845
0,2.405,-0.01578753,-0.22945088,58.10871713,81.68797486,-0.4654083452713178,0.05482232108527132
0,2.41,-0.01568124,-0.22978864,58.09632716,81.68184148,-0.46522454635658916,0.0550972784496124
0,2.415,-0.01548075,-0.23023225,58.09241806,81.68168716,-0.4650360288372093,0.05535560666666667
0,2.42,-0.01518707,-0.23078805,58.08114547,81.67872994,-0.4648342758139535,0.055583931162790694
0,2.425,-0.01480234,-0.23145821,58.06502472,81.6720819,-0.4645955376744186,0.05576605565891472
0,2.43,-0.01432989,-0.23224002,58.05312067,81.66826055,-0.46428284418604654,0.055884431937984494
0,2.435,-0.01377413,-0.23312635,58.04514166,81.6690196,-0.4638500125581395,0.055922951317829456
0,2.44,-0.01314044,-0.2341082,58.03356219,81.66246531,-0.4632441387596899,0.05586965550387597
0,2.445,-0.01243502,-0.23517852,58.02920997,81.66369314,-0.4624069215503876,0.05571752527131783
0,2.45,-0.01166465,-0.23633582,58.01949768,81.65609255,-0.4612759908527132,0.05546340465116279
0,2.455,-0.01083658,-0.23758764,58.01924842,81.65699401,-0.45978727255813956,0.055105996279069765
0,2.46,-0.00995831,-0.23895025,58.00500686,81.65236781,-0.45787968403100776,0.05464505612403101
0,2.465,-0.00903748,-0.24044727,58.00586812,81.65205585,-0.45550077860465116,0.05408160062015504
0,2.47,-0.00808176,-0.24210755,57.99346564,81.64775024,-0.4526116119379845,0.053417867131782946
0,2.475,-0.00709874,-0.24396018,57.99426815,81.6476517,-0.4491925294573644,0.05265752945736434
0,2.48,-0.00609585,-0.24602739,57.99313459,81.65010488,-0.4452502900775194,0.05180684201550388
0,2.485,-0.00508022,-0.24831639,57.9915536,81.6485064,-0.440824400620155,0.05087601720930233
0,2.49,-0.00405869,-0.25080958,57.99182982,81.64837759,-0.43599104,0.04988062325581395
0,2.495,-0.00303777,-0.25345457,57.98796953,81.64711058,-0.43086353519379844,0.04884311069767441
0,2.5,-0.00202372,-0.25615609,57.9867945,81.64606868,-0.4255890965891473,0.0477940265116279
0,2.505,-0.00102254,-0.25877419,57.98555839,81.64620003,-0.42033973751937986,0.0467718807751938
0,2.51,-4.002e-05,-0.26113291,57.98381429,81.6450527,-0.415298631627907,0.04582121348837209
0,2.515,0.00091825,-0.26303721,57.98284972,81.64449947,-0.4106440810852713,0.044988748682170544
0,2.52,0.00184699,-0.2643011,57.98344961,81.64394958,-0.40653067441860463,0.044316695503875965
0,2.525,0.00274127,-0.26477939,57.98582605,81.64395923,-0.40306852248062014,0.04383479612403101
0,2.53,0.00359668,-0.26439534,57.98567899,81.6440898,-0.4003037162790698,0.043552832558139534
0,2.535,0.00440949,-0.26316056,57.99605083,81.64430635,-0.3982063311627907,0.04345636496124031
0,2.54,0.00517682,-0.26118083,58.00485633,81.64424518,-0.39666871550387595,0.04350728775193798
0,2.545,0.00589683,-0.25864712,58.0134398,81.64554203,-0.39551230480620153,0.04364836868217054
0,2.55,0.00656878,-0.25581857,58.01561373,81.64424207,-0.3945001899224806,0.04380961069767442
0,2.555,0.00719308,-0.25300133,58.02815528,81.64378263,-0.39335522790697675,0.043915738759689925
0,2.56,0.00777136,-0.25052524,58.03936973,81.64318744,-0.39178158914728684,0.043893496279069764
0,2.565,0.00830647,-0.24871778,58.05108163,81.64288468,-0.38948792093023255,0.04367835596899225
0,2.57,0.00880246,-0.24787407,58.05228282,81.64228924,-0.3862110592248062,0.043220731627906975
0,2.575,0.00926458,-0.24822688,58.07631566,81.64425586,-0.38173784666666666,0.042490160310077525
0,2.58,0.00969927,-0.24992327,58.09632684,81.64313241,-0.37592170542635656,0.04147640620155039
0,2.585,0.01011406,-0.25301206,58.10074902,81.63562279,-0.3686952807751938,0.040189078914728685
1,2.59,0.01051756,-0.25743883,58.12253734,81.63529237,-0.36007812093023256,0.038656000465116275
1,2.595,0.01091926,-0.26304846,58.14825489,81.63660236,-0.35017814511627904,0.03692041054263566
1,2.6,0.01132936,-0.26959665,58.15295607,81.62800081,-0.33918664573643414,0.03503770930232558
1,2.605,0.01175865,-0.27676882,58.18170456,81.6273871,-0.3273671192248062,0.03307177023255814
1,2.61,0.01221825,-0.28420449,58.2126353,81.62557977,-0.3150386027906977,0.03109149162790698
1,2.615,0.01271947,-0.29152111,58.21716079,81.61604712,-0.30255367178294573,0.029167193023255815
1,2.62,0.01327361,-0.29832994,58.25321718,81.6122619,-0.2902765395348837,0.027367948527131782
1,2.625,0.01389174,-0.3042511,58.29044711,81.60965271,-0.2785627164341085,0.025758343410852712
1,2.63,0.0145846,-0.30893327,58.29562317,81.59896131,-0.2677398936434109,0.024394221240310078
1,2.635,0.01536237,-0.31207332,58.34659002,81.59826132,-0.2580895493023256,0.023319774573643412
1,2.64,0.01623463,-0.31343635,58.35288136,81.58442928,-0.2498281958139535,0.022565927441860464
1,2.645,0.01721022,-0.3128764,58.41715488,81.58385284,-0.24308841751937985,0.022148012093023257
1,2.65,0.01829735,-0.31035581,58.45531437,81.57507691,-0.23790192604651164,0.022062665116279072
1,2.655,0.01950345,-0.30596242,58.46111982,81.55963428,-0.23418852201550389,0.022284496899224807
1,2.66,0.02083527,-0.29991589,58.53422565,81.55921057,-0.23175972294573643,0.02276655007751938
1,2.665,0.02229881,-0.29255586,58.58227711,81.5487273,-0.23033521782945737,0.02344550093023256
1,2.67,0.02389938,-0.28431761,58.62646451,81.5397713,-0.22956450790697674,0.024247681860465116
1,2.675,0.02564155,-0.27569935,58.6735992,81.53053873,-0.22905040837209303,0.02509426868217054
1,2.68,0.02752902,-0.26722282,58.72518378,81.52145705,-0.22837346356589147,0.025905415968992245
1,2.685,0.02956458,-0.259391,58.78046207,81.51040978,-0.2271195218604651,0.026604796434108527
1,2.69,0.03175002,-0.25264607,58.83561243,81.50214841,-0.22490912713178293,0.02712366945736434
1,2.695,0.03408615,-0.24733296,58.89809684,81.49249506,-0.2214245415503876,0.027403640775193798
1,2.7,0.03657282,-0.24366759,58.96060599,81.48177902,-0.21643418356589147,0.027400287596899223
1,2.705,0.03920899,-0.24171186,59.02546405,81.47301667,-0.20981231302325581,0.027087989767441863
1,2.71,0.04199279,-0.24136283,59.09525908,81.46240316,-0.20155052961240308,0.026464691782945735
1,2.715,0.04492157,-0.24236385,59.1666468,81.45150693,-0.19175788945736436,0.025554869922480617
1,2.72,0.04799203,-0.24433551,59.23656053,81.4421823,-0.18064870279069767,0.02440954992248062
1,2.725,0.05120032,-0.24681557,59.31973974,81.43257393,-0.16852228015503876,0.023103580465116277
1,2.73,0.05454219,-0.24930212,59.40019229,81.42348537,-0.15573433782945736,0.02172851472868217
1,2.735,0.0580131,-0.25130036,59.48359781,81.41272064,-0.14266202418604654,0.020381658139534884
1,2.74,0.06160837,-0.25236713,59.5723467,81.40391756,-0.12967007565891472,0.019155427596899224
1,2.745,0.06532331,-0.25214819,59.66197747,81.39207631,-0.11708378449612403,0.018128342635658917
1,2.75,0.06915337,-0.25040281,59.75759273,81.38203202,-0.10517001441860466,0.01735797565891473
1,2.755,0.07309419,-0.24701203,59.85425032,81.3711264,-0.09412707565891473,0.016877203100775194
1,2.76,0.07714176,-0.24197084,59.95251682,81.36137592,-0.08408251813953488,0.01669423984496124
1,2.765,0.08129245,-0.23537044,60.05745861,81.34687742,-0.07509549441860465,0.01679550046511628
1,2.77,0.08554317,-0.2273762,60.16711207,81.33783295,-0.06716140294573644,0.01715034527131783
1,2.775,0.08989137,-0.2182019,60.27943441,81.32299486,-0.06022066186046512,0.017717251627906976
1,2.78,0.09433514,-0.20808678,60.3919065,81.31012211,-0.05417271286821705,0.018449683100775195
1,2.785,0.09887318,-0.19728232,60.5100517,81.29540748,-0.04889271953488372,0.019300857984496125
1,2.79,0.10350477,-0.1860422,60.63230594,81.28232592,-0.04424929286821705,0.020228515038759692
1,2.795,0.10822973,-0.17460869,60.75493383,81.26730325,-0.040119565581395344,0.021197898139534883
1,2.8,0.11304832,-0.16319673,60.88409228,81.24997757,-0.03640175643410853,0.02218332558139535
1,2.805,0.11796124,-0.15198188,61.01737108,81.23573054,-0.033025865116279064,0.023169120930232556
1,2.81,0.12296949,-0.14109239,61.14953238,81.21777415,-0.0299605815503876,0.024149988837209303
1,2.815,0.12807438,-0.13060356,61.29182579,81.19987126,-0.02721751054263566,0.0251315384496124
1,2.82,0.13327741,-0.12053903,61.43567792,81.18195453,-0.02484923023255814,0.026128479224806204
1,2.825,0.13858025,-0.11087904,61.58217858,81.16309349,-0.022939481395348835,0.027160157209302326
1,2.83,0.14398466,-0.1015692,61.7328555,81.14379315,-0.021589217364341082,0.028245664031007752
1,2.835,0.14949247,-0.09253001,61.8870325,81.12408932,-0.020902356899224806,0.02939959984496124
1,2.84,0.15510551,-0.08366563,62.04569293,81.10397423,-0.02097618558139535,0.030630535968992248
1,2.845,0.16082561,-0.0748707,62.20818398,81.08350538,-0.021896322635658914,0.03194153457364341
1,2.85,0.16665464,-0.06603697,62.37494775,81.06295319,-0.023732367286821706,0.033330896124031006
1,2.855,0.1725945,-0.05705742,62.54254587,81.04015954,-0.026535331937984494,0.03479401054263566
1,2.86,0.17864726,-0.04783272,62.720489,81.0206874,-0.030337728217054265,0.0363256784496124
1,2.865,0.1848152,-0.03828169,62.89802703,80.99958148,-0.03515368620155039,0.03792073736434109
1,2.87,0.19110096,-0.02835031,63.08050914,80.97907885,-0.04097957503875969,0.039573765271317826
1,2.875,0.19750767,-0.0180161,63.26759756,80.95850846,-0.04779509178294574,0.04127838744186047
1,2.88,0.2040391,-0.00728917,63.46086888,80.9393034,-0.05556324744186047,0.04302628775193798
1,2.885,0.21069984,0.00378875,63.65183888,80.91755819,-0.06422885379844961,0.04480603240310077
1,2.89,0.21749541,0.01514799,63.85557927,80.90038143,-0.0737153807751938,0.046601376899224806
1,2.895,0.22443249,0.02670003,64.05795857,80.88290229,-0.08392534015503876,0.04839136821705426
1,2.9,0.23151902,0.03834996,64.26488575,80.86288198,-0.09474597906976745,0.050153383875968995
1,2.905,0.23876437,0.05000578,64.48267372,80.84796528,-0.10605733023255814,0.05186686
1,2.91,0.24617942,0.06158188,64.70338039,80.83155529,-0.11773749565891473,0.05351522139534883
1,2.915,0.25377661,0.07299468,64.92605229,80.8164649,-0.12966304403100773,0.055085097054263565
1,2.92,0.26156987,0.08415612,65.1381106,80.80692334,-0.14170818046511627,0.05656360341085272
1,2.925,0.26957459,0.09497528,65.38459268,80.7915871,-0.15374840868217055,0.05793740124031008
1,2.93,0.27780747,0.10536657,65.60458447,80.78308078,-0.16566838868217054,0.05919422387596899
1,2.935,0.28628641,0.11525941,65.86159076,80.77094619,-0.17736997844961241,0.060324528837209304
1,2.94,0.29503034,0.1246056,66.10823171,80.7610012,-0.18877795922480622,0.06132203255813953
1,2.945,0.30405894,0.13338322,66.36130806,80.75398377,-0.19984465720930233,0.062183162015503876
1,2.95,0.31339225,0.14159793,66.61990782,80.74707954,-0.21055367968992247,0.06290642697674419
1,2.955,0.32305018,0.14928232,66.88502011,80.74207839,-0.22092158914728682,0.06349265038759691
1,2.96,0.33305194,0.15649797,67.15621999,80.73675618,-0.23099668899224804,0.06394618263565892
1,2.965,0.34341541,0.1633363,67.43581985,80.7345993,-0.2408507927131783,0.06427425348837208
1,2.97,0.35415646,0.16991188,67.72149904,80.73152888,-0.25056605054263564,0.06448371612403102
1,2.975,0.36528823,0.17635226,68.01553946,80.72929771,-0.2602229556589147,0.06457749519379845
1,2.98,0.3768204,0.18279191,68.31809521,80.72787884,-0.26989366589147284,0.06455316356589147
1,2.985,0.38875844,0.18937105,68.62794203,80.72545779,-0.2796393815503876,0.06440400899224806
1,2.99,0.4011029,0.19623344,68.94809646,80.72263367,-0.28950921643410854,0.06412045953488373
1,2.995,0.41384866,0.2035231,69.27741844,80.7203903,-0.2995415534883721,0.06369080589147287
1,3.0,0.4269843,0.21137538,69.61704206,80.71617102,-0.30977049240310073,0.06310136093023255
1,3.005,0.44049149,0.21990366,69.96627754,80.71125228,-0.32023861922480623,0.06233689240310078
1,3.01,0.4543444,0.22918717,70.32464458,80.70398334,-0.3310136919379845,0.061380504186046514
1,3.015,0.46850932,0.23926299,70.69462822,80.6943717,-0.34220791038759685,0.06021333131782946
1,3.02,0.48294425,0.25011979,71.07497339,80.68309013,-0.3539965835658914,0.05881376372093024
1,3.025,0.49759879,0.26169041,71.46450921,80.66708054,-0.366631403875969,0.057154860465116274
1,3.03,0.51241406,0.27383921,71.86444876,80.64689609,-0.38044350744186045,0.05519639426356589
1,3.035,0.52732286,0.28634615,72.27742508,80.62425609,-0.3958380365891473,0.0528731407751938
1,3.04,0.54225,0.29888945,72.698841,80.59617911,-0.4132807544186046,0.050083394573643414
1,3.045,0.55711284,0.31102661,73.12833094,80.56232249,-0.43327791596899223,0.04667980093023256
1,3.05,0.57182201,0.32217912,73.56682947,80.52174582,-0.45635030077519384,0.042462951162790696
1,3.055,0.5862823,0.33162823,74.0128423,80.47420615,-0.4829989984496124,0.0371790527131783
1,3.06,0.60039376,0.33852611,74.46547293,80.421562,-0.5136683798449613,0.030524928837209305
1,3.065,0.61405299,0.34192221,74.9232885,80.36055626,-0.5487137497674418,0.022159926046511628
1,3.07,0.62715456,0.34080357,75.38632743,80.29171012,-0.5883786151937984,0.011722708527131783
1,3.075,0.63959266,0.33414957,75.85269666,80.21495909,-0.6327856088372092,-0.0011474347286821705
1,3.08,0.65126276,0.32099875,76.31824095,80.12667233,-0.6819405520930233,-0.016786188992248062
1,3.085,0.66206344,0.30052094,76.78495717,80.03128152,-0.7357474520930233,-0.035479537209302324
1,3.09,0.67189825,0.27208158,77.2496932,79.92669302,-0.794030920620155,-0.057441722635658915
1,3.095,0.68067745,0.23528744,77.71056333,79.81296169,-0.8565578190697675,-0.08279839255813953
1,3.1,0.68831983,0.1900092,78.16484615,79.69011346,-0.9230508924031008,-0.11157735906976744
1,3.105,0.69475433,0.13637924,78.61148379,79.55770648,-0.9931902779844961,-0.14370749627906976
1,3.11,0.69992148,0.07476536,79.05047545,79.41644587,-1.0666048068217053,-0.17902442465116278
1,3.115,0.70377475,0.0057278,79.47710581,79.26533264,-1.1428602869767441,-0.2172812379844961
1,3.12,0.70628154,-0.0700259,79.89110728,79.1049916,-1.221454763100775,-0.25816121162790695
1,3.125,0.707424,-0.15168012,80.29021258,78.93457814,-1.3018255986046512,-0.3012922582945736
1,3.13,0.70719946,-0.23834737,80.67369327,78.75986985,-1.383363551782946,-0.3462654237209302
1,3.135,0.70562059,-0.32910159,81.03959794,78.57523421,-1.4654297493023256,-0.39265530961240314
1,3.14,0.70271524,-0.42300964,81.38802509,78.37970946,-1.5473713024806202,-0.440040868372093
1,3.145,0.69852593,-0.51916235,81.71202412,78.18075628,-1.6285312565891472,-0.48802439798449615
1,3.15,0.69310904,-0.61669714,82.01702142,77.97285306,-1.7082513578294574,-0.5362451592248062
1,3.155,0.68653376,-0.71480159,82.30243117,77.75937934,-1.7858726510077518,-0.5843842327131783
1,3.16,0.67888076,-0.81269917,82.5631288,77.54052453,-1.860737726511628,-0.6321606849612403
1,3.165,0.67024069,-0.90962192,82.80212485,77.31534619,-1.9321972089922481,-0.679321839379845
1,3.17,0.66071246,-1.00477724,83.01603911,77.0845918,-1.9996254294573643,-0.7256295035658914
1,3.175,0.65040147,-1.09731805,83.20660271,76.8487499,-2.0624447989147288,-0.7708468485271318
1,3.18,0.63941771,-1.18632097,83.37356183,76.60927362,-2.1201572525581396,-0.8147291882170542
1,3.185,0.62787386,-1.27077636,83.5185174,76.36435716,-2.1723777713178296,-0.857020440620155
1,3.19,0.61588336,-1.34959539,83.63795855,76.11537497,-2.2188660486821705,-0.8974554429457364
1,3.195,0.60355864,-1.4216422,83.73624996,75.86514291,-2.259550565736434,-0.9357680713178295
1,3.2,0.59100932,-1.48579615,83.79796336,75.61268028,-2.294540513023256,-0.9717049093023256
1,3.205,0.57834067,-1.54103478,83.85493224,75.35285182,-2.3241228601550388,-1.0050408127131782
1,3.21,0.56565227,-1.58652777,83.88648171,75.09013706,-2.3487402320930233,-1.0355951781395347
1,3.215,0.5530369,-1.62172754,83.89521025,74.82470861,-2.3689493603100775,-1.0632483398449613
1,3.22,0.54057964,-1.64643515,83.88343421,74.55592032,-2.3853699967441857,-1.0879537621705426
1,3.225,0.52835715,-1.66083152,83.85159743,74.28575735,-2.398635865426357,-1.1097429660465115
1,3.23,0.51643721,-1.66546832,83.80095862,74.00948919,-2.409354378139535,-1.1287228279069768
1,3.235,0.50487843,-1.66121764,83.72977299,73.72703459,-2.418079146356589,-1.1450655519379844
1,3.24,0.49373014,-1.64918627,83.64095133,73.44262579,-2.425294413953488,-1.1589919234108526
1,3.245,0.48303249,-1.63060392,83.53422934,73.15429272,-2.431407559534884,-1.1707482844961241
1,3.25,0.47281668,-1.60670419,83.40949975,72.86026159,-2.436747381395349,-1.1805802530232556
1,3.255,0.46310526,-1.57862187,83.26714583,72.5618172,-2.441567926511628,-1.1887092852713177
1,3.26,0.45391252,-1.54732237,83.10457973,72.25597362,-2.446056867751938,-1.1953176615503878
1,3.265,0.44524496,-1.51356365,82.92382706,71.9472038,-2.450346871627907,-1.2005418556589147
1,3.27,0.43710172,-1.47788881,82.72172692,71.62732355,-2.4545253271317833,-1.2044739888372094
1,3.275,0.42947519,-1.44064661,82.49958732,71.30182558,-2.458640383100775,-1.2071708286821705
1,3.28,0.42235157,-1.40203158,82.26649503,70.97138774,-2.462702299844961,-1.2086693734883722
1,3.285,0.41571161,-1.3621379,82.01273113,70.6331783,-2.466681845271318,-1.2090053556589146
1,3.29,0.40953132,-1.32101923,81.73868887,70.28357115,-2.470508704651163,-1.2082302136434109
1,3.295,0.40378283,-1.27874632,81.45433752,69.92640485,-2.4740722448062016,-1.2064218342635658
1,3.3,0.3984352,-1.23545145,81.1516002,69.56317134,-2.4772274029457364,-1.2036856017054265
1,3.305,0.39345534,-1.19135687,80.82833463,69.18518745,-2.4798055875968994,-1.200148758604651
1,3.31,0.38880875,-1.14679694,80.49390303,68.80529054,-2.4816254989147284,-1.1959546865116277
1,3.315,0.38446036,-1.10223309,80.1371024,68.40756648,-2.4824992872868217,-1.1912590944186048
1,3.32,0.38037528,-1.05824112,79.7669925,68.00110686,-2.482239649457364,-1.1862239621705426
1,3.325,0.37651947,-1.01545898,79.38049552,67.58527165,-2.4806689468217056,-1.1810077728682171
1,3.33,0.37286038,-0.97449878,78.97670156,67.15734496,-2.4776298705426356,-1.1757518617054263
1,3.335,0.3693675,-0.93584331,78.5568917,66.71709563,-2.472997387751938,-1.1705633854263566
1,3.34,0.36601282,-0.8997488,78.12456503,66.26903331,-2.4666876482170546,-1.165497286511628
1,3.345,0.3627712,-0.86617169,77.67318307,65.80638,-2.458659811782946,-1.16054104
1,3.35,0.35962065,-0.8347384,77.20773349,65.33091506,-2.4489100964341084,-1.1556059629457365
1,3.355,0.3565425,-0.80476162,76.72839009,64.84856295,-2.437461362635659,-1.150525969612403
1,3.36,0.35352146,-0.77529946,76.22898071,64.34649572,-2.424351954728682,-1.1450654694573643
1,3.365,0.35054558,-0.74524883,75.71864506,63.83872044,-2.4096290834108527,-1.1389357617054263
1,3.37,0.34760621,-0.7134599,75.19058408,63.31752437,-2.39334807751938,-1.1318192527131783
1,3.375,0.34469773,-0.67885787,74.65063537,62.78428903,-2.375573519844961,-1.1234002415503874
1,3.38,0.3418174,-0.64055453,74.09500919,62.24407254,-2.3563797289922483,-1.1133971672868217
1,3.385,0.33896507,-0.59793645,73.52578738,61.68806384,-2.3358463675968992,-1.1015908158139536
1,3.39,0.33614288,-0.55072071,72.94040632,61.11892129,-2.3140474680620153,-1.0878452862015504
1,3.395,0.33335497,-0.49897536,72.3520027,60.5350907,-2.291038619379845,-1.0721187452713177
1,3.4,0.3306071,-0.44310212,71.73713779,59.94529079,-2.266844152868217,-1.054463555503876
1,3.405,0.32790649,-0.38378672,71.10404206,59.34807761,-2.241378617674419,-1.0350174787596897
1,3.41,0.32526114,-0.32192991,70.46188403,58.7340697,-2.2146568103875968,-1.0139496713178295
1,3.415,0.3226793,-0.25856898,69.80379109,58.10812527,-2.1865813584496125,-0.9915218475968992
1,3.42,0.32016929,-0.19480248,69.13249668,57.4709591,-2.157010541085271,-0.9680304258914729
1,3.425,0.31773926,-0.13172539,68.44465014,56.82213293,-2.1257584652713177,-0.9437874596899224
1,3.43,0.31539705,-0.07037186,67.74098883,56.16186187,-2.092599461705426,-0.9191007879069768
1,3.435,0.31314998,-0.01166314,67.02143355,55.49059135,-2.057282022015504,-0.894252936744186
1,3.44,0.31100482,0.04363854,66.28600523,54.80782615,-2.0195517454263565,-0.8694803541085271
1,3.445,0.3089677,0.09496889,65.53638968,54.1137084,-1.9791766527131784,-0.8449569927131783
1,3.45,0.3070442,0.1419929,64.76961388,53.40933677,-1.9359734610852712,-0.8207836482170542
1,3.455,0.3052394,0.18463341,63.98771225,52.69418997,-1.8898398720930232,-0.7969807173643412
1,3.46,0.30355837,0.22309462,63.18969865,51.96937092,-1.840791013643411,-0.7734835424806201
1,3.465,0.30200593,0.25786915,62.37522221,51.23600534,-1.7889891874418604,-0.7501435079069767
1,3.47,0.30058659,0.28971943,61.54832352,50.49262802,-1.734759619379845,-0.7267380925581396
1,3.475,0.29930503,0.31962924,60.70655068,49.74190437,-1.6785912919379846,-0.7029899120930233
1,3.48,0.29816628,0.34872686,59.85070264,48.98461296,-1.6211237190697674,-0.6785928396899225
1,3.485,0.2971759,0.37818693,58.98185348,48.22242839,-1.5631205410852713,-0.6532435911627907
1,3.49,0.29634019,0.40911722,58.10163953,47.45414271,-1.5054295325581395,-0.6266780164341085
1,3.495,0.29566625,0.44244118,57.20904544,46.68427435,-1.448932232248062,-0.5987077300775193
1,3.5,0.29516209,0.47879184,56.30959165,45.9126007,-1.3944896477519382,-0.5692506274418605
1,3.505,0.29483669,0.51842663,55.40217786,45.14219171,-1.3428865604651163,-0.5383524314728682
1,3.51,0.29469989,0.5611735,54.48633332,44.37407027,-1.2947778446511629,-0.5061978724031008
1,3.515,0.29476237,0.60641786,53.56534333,43.60948569,-1.2506423601550387,-0.47311088403100776
1,3.52,0.29503541,0.65313363,52.64426974,42.85585401,-1.210748434883721,-0.4395432886821705
1,3.525,0.29553069,0.69996046,51.72118416,42.11106533,-1.1751377049612404,-0.4060506124031008
1,3.53,0.29625996,0.74532373,50.79918185,41.37930525,-1.1436294263565892,-0.37325742372093024
1,3.535,0.29723478,0.78758861,49.88094146,40.66375515,-1.115845093643411,-0.34181563627906975
1,3.54,0.29846605,0.82523988,48.96826997,39.96689017,-1.0912892613953487,-0.31234540201550387
1,3.545,0.29996273,0.85707115,48.06484586,39.29257902,-1.0695241772093023,-0.28537515162790694
1,3.55,0.3017331,0.88235804,47.17243543,38.64385162,-1.0496539493023256,-0.2614820719379845
1,3.555,0.30378459,0.90099177,46.2937198,38.02383794,-1.0311178727131785,-0.2409860869767442
1,3.56,0.30612273,0.91355162,45.43143806,37.43563264,-1.0134865731782947,-0.22405628170542635
1,3.565,0.30875092,0.92129666,44.58820806,36.88224745,-0.9964984299224805,-0.21071116651162788
1,3.57,0.31167022,0.92606622,43.76644042,36.36625902,-0.980061120620155,-0.20083658093023254
1,3.575,0.31487927,0.93009512,42.96874172,35.89071131,-0.96421587875969,-0.19421908
1,3.58,0.31837421,0.93576608,42.19731015,35.45781306,-0.949072968372093,-0.19058915364341084
1,3.585,0.32214874,0.94533291,41.45452532,35.06988458,-0.9347305975193799,-0.18966896744186046
1,3.59,0.32619419,0.96065473,40.74236848,34.72873877,-0.9211945013953489,-0.1912168545736434
1,3.595,0.33049971,0.98297844,40.06275021,34.43588282,-0.9083164468217054,-0.19506121395348838
1,3.6,0.33505241,1.01279499,39.41748975,34.19267964,-0.8957642049612403,-0.2011195389147287
1,3.605,0.33983734,1.04978155,38.80795364,34.00003539,-0.8830262720930233,-0.20940261255813952
1,3.61,0.3448373,1.09283492,38.23444924,33.85689633,-0.8694484403100775,-0.22000437395348837
1,3.615,0.35003466,1.14019239,37.69936207,33.76461778,-0.8542958506976744,-0.23307840558139536
1,3.62,0.35541073,1.1896341,37.20284907,33.72312206,-0.836835767751938,-0.24880210527131785
1,3.625,0.36094588,1.23875101,36.74452599,33.72885351,-0.816432047131783,-0.26733321798449616
1,3.63,0.36661976,1.28522671,36.32523046,33.78258679,-0.7926316331782947,-0.28876938294573645
1,3.635,0.37241142,1.32708627,35.94460186,33.88099296,-0.7652294120930233,-0.31311680945736436
1,3.64,0.37829952,1.36288247,35.61097741,34.02815565,-0.7343034333333333,-0.3402716196899225
1,3.645,0.38426245,1.39179676,35.29518948,34.20330459,-0.7002144370542637,-0.37001678325581394
1,3.65,0.39027843,1.41365314,35.02572871,34.42042449,-0.6635720238759689,-0.4020327048062015
1,3.655,0.39632568,1.42886032,34.79473213,34.67486991,-0.6251756213953489,-0.4359168885271318
1,3.66,0.40238258,1.43829824,34.59594382,34.95475687,-0.585936953488372,-0.47121069643410857
1,3.665,0.40842786,1.4431731,34.41626757,35.24957323,-0.5467958728682171,-0.5074291550387596
1,3.67,0.41444084,1.44486434,34.27865784,35.57514936,-0.5086430048062015,-0.5440886803100775
1,3.675,0.42040164,1.44478326,34.15837879,35.90557924,-0.47225864139534884,-0.5807302094573643
1,3.68,0.42629151,1.44425932,34.07393006,36.25337812,-0.4382735573643411,-0.6169364189147286
1,3.685,0.43209313,1.44446391,34.0055903,36.59999148,-0.4071534434108527,-0.652342503255814
1,3.69,0.43779084,1.44636597,33.95819076,36.94520985,-0.37920237906976745,-0.6866416655813954
1,3.695,0.44337095,1.45070943,33.92212742,37.27893226,-0.3545771013953488,-0.7195884496124031
1,3.7,0.44882192,1.45800772,33.89982285,37.59722179,-0.3333067868217054,-0.7510010531782946
1,3.705,0.45413451,1.46854788,33.90107346,37.9074315,-0.3153129514728682,-0.7807631106976743
1,3.71,0.459302,1.48239624,33.90363596,38.18834326,-0.30042570558139536,-0.8088246643410852
1,3.715,0.46432024,0.72946737,33.91445195,38.43734525,0.47309935457364344,-0.1427797995348837
1,3.72,0.46918768,0.73923748,33.94329173,38.66592908,0.4774625358139535,-0.15153597643410854
1,3.725,0.47390535,0.75019336,33.9617779,38.84957159,0.4809522831007752,-0.1593160015503876
1,3.73,0.47847674,0.76208902,33.98742557,38.99358465,0.4836295396899225,-0.16609048945736435
1,3.735,0.48290761,0.77467559,34.01866207,39.09640335,0.48551524294573645,-0.17182238449612403
1,3.74,0.48720579,0.78771785,34.04482301,39.14919397,0.4866369325581395,-0.17649281906976744
1,3.745,0.49138089,0.80099891,34.07249057,39.16131781,0.48706710155038757,-0.1801209480620155
1,3.75,0.49544394,0.81431825,34.09258418,39.10542444,0.48682272093023254,-0.18270047302325582
1,3.755,0.4994071,0.82749041,34.10582131,39.00909053,0.4859258372093023,-0.18423842744186045
1,3.76,0.50328319,0.84034879,34.116093,38.85520494,0.4843568257364341,-0.184721603875969
1,3.765,0.5070854,0.85275247,34.1199225,38.64496252,0.4821326668217054,-0.18417175410852715
1,3.77,0.51082695,0.86459772,34.11590572,38.38016449,0.4792320099224806,-0.18260053240310078
1,3.775,0.51452085,0.8758318,34.10468321,38.06003278,0.47564449736434106,-0.18004248434108527
1,3.78,0.51817973,0.88642927,34.08731902,37.68555283,0.47139950511627904,-0.17656401829457363
1,3.785,0.52181568,0.89655301,34.05793155,37.25727786,0.4664132362790698,-0.17217019565891473
1,3.79,0.52544018,0.90622585,34.02201411,36.77698882,0.46075051937984496,-0.16696262108527132
1,3.795,0.52906404,0.91564235,33.97591485,36.24651693,0.4543891359689922,-0.16098914201550388
1,3.8,0.53269738,0.92499012,33.91891778,35.66690958,0.4473290595348837,-0.1543065579844961
1,3.805,0.53634962,0.9344573,33.85842228,35.0430911,0.43954980899224805,-0.14696401751937985
1,3.81,0.54002959,0.94420466,33.78197802,34.37372976,0.43104472806201555,-0.13901147519379847
1,3.815,0.5437455,0.95433949,33.70127276,33.66739506,0.42180323224806204,-0.13049732
1,3.82,0.54750502,0.96489907,33.6127344,32.92306106,0.41183789317829456,-0.12147593798449613
1,3.825,0.55131533,0.97584826,33.51350744,32.14338875,0.4011641689922481,-0.1120052865116279
1,3.83,0.55518313,0.98709211,33.41049602,31.33796486,0.38983477131782945,-0.10215464263565892
1,3.835,0.55911471,0.99849587,33.30456556,30.50545823,0.3779090924031008,-0.09200437534883721
1,3.84,0.56311597,1.00990913,33.1814574,29.64498538,0.3654622517829457,-0.08163494263565892
1,3.845,0.56719244,1.02119419,33.06032409,28.76823923,0.3525932573643411,-0.07114838108527131
1,3.85,0.57134896,1.03225264,32.93515808,27.87568009,0.3394332454263566,-0.060677564806201546
1,3.855,0.57558971,1.04304299,32.80797287,26.97164273,0.3261413172093023,-0.050372189147286826
1,3.86,0.57991831,1.0535811,32.68216597,26.05926661,0.31286777813953487,-0.040385156744186045
1,3.865,0.58433764,1.06392395,32.55029595,25.13910533,0.2997678714728682,-0.03087740015503876
1,3.87,0.58884985,1.07414656,32.4198914,24.21775572,0.2870262719379845,-0.022023987441860463
1,3.875,0.59345617,1.08431457,32.28865665,23.2951575,0.2747840496124031,-0.013965371937984496
1,3.88,0.59815692,1.09445369,32.16266343,22.37672814,0.263112216124031,-0.006783898914728683
1,3.885,0.60295133,1.10452605,32.03747763,21.46282052,0.2520665947286822,-0.0005211489922480621
1,3.89,0.6078376,1.11442026,31.91641549,20.55635478,0.2415794072868217,0.004887996434108527
1,3.895,0.61281375,1.12395269,31.7994879,19.66030734,0.232434483875969,0.009186827751937984
1,3.9,0.61788758,1.13287868,31.68623048,18.77466547,0.22525863364341087,0.012181990852713178
1,3.905,0.62305656,1.14091245,31.58026329,17.90423433,0.21795078434108528,0.014840193643410852
1,3.91,0.62831312,1.14775253,31.47814748,17.04751253,0.21027789519379844,0.01736645131782946
1,3.915,0.63364871,1.15311242,31.38448745,16.20886458,0.20205237131782947,0.019929415503875968
1,3.92,0.63905414,1.1567556,31.29926549,15.38901377,0.19310690604651162,0.022677631937984496
1,3.925,0.64451983,1.15852839,31.2166936,14.58804109,0.18330113069767442,0.02573549503875969
1,3.93,0.65003616,1.15838414,31.14581642,13.80900185,0.17252270697674418,0.029205357364341086
1,3.935,0.65559385,1.15639449,31.07964927,13.05170168,0.16070746465116278,0.03315192186046512
1,3.94,0.66118432,1.15274327,31.02056558,12.31729552,0.1478217096124031,0.03761495782945737
1,3.945,0.66680012,1.14770873,30.97025546,11.60741457,0.13389660589147287,0.04259019410852713
1,3.95,0.67243531,1.14164343,30.92696633,10.92199915,0.1190131768992248,0.04804109519379845
1,3.955,0.67808593,1.13495416,30.89342134,10.26344516,0.10327179596899225,0.053922612713178296
1,3.96,0.68374932,1.12808131,30.86597286,9.63071556,0.08622223317829458,0.060432294573643415
1,3.965,0.68942306,1.12147941,30.84438374,9.02478136,0.06841903550387597,0.06734313100775194
1,3.97,0.69511246,1.1156022,30.85904432,8.4500155,0.05038852046511628,0.07444080294573643
1,3.975,0.70082637,1.11093797,30.83511379,7.89892076,0.03222252589147287,0.08171194434108527
1,3.98,0.70657676,1.10779383,30.81888691,7.37456264,0.014144891317829457,0.08907437674418604
1,3.985,0.71237846,1.10673525,30.84162902,6.8878248,-0.003831104651162791,0.09657748403100776
1,3.99,0.71824905,1.10815717,30.85024094,6.42726581,-0.0215548903875969,0.10418817984496125
1,3.995,0.7242085,1.11249841,30.85921492,5.99437213,-0.038905587286821704,0.11189579643410853
1,4.0,0.73027885,1.12018502,30.87959059,5.59484071,-0.05574233937984496,0.11966977953488372
1,4.005,0.73648365,1.13160734,30.89661141,5.22301033,-0.07189333782945737,0.1274490062015504
1,4.01,0.74284748,1.14708934,30.92623137,4.88666007,-0.08714681178294574,0.13513300914728682
1,4.015,0.74939529,1.16685431,30.95492413,4.57996772,-0.10119580093023256,0.1425312906976744
1,4.02,0.75615182,1.19099353,30.9851452,4.30404872,-0.11366067643410853,0.14939944155038762
1,4.025,0.76314086,1.21944666,31.01794096,4.06109732,-0.12406189689922481,0.15538755178294572
1,4.03,0.77038456,1.25200099,31.04929844,3.84700701,-0.1318171530232558,0.16006755891472868
1,4.035,0.77790271,1.28831189,31.0809491,3.66472024,-0.13631029147286822,0.16297259100775194
1,4.04,0.78571203,1.32793891,31.11459941,3.51530507,-0.13687064837209303,0.163597223875969
1,4.045,0.79382553,1.37031614,31.14866384,3.39670226,-0.13277680558139535,0.1613624231007752
1,4.05,0.80225199,1.41516298,31.18027252,3.30783818,-0.12366770511627907,0.15593751984496124
1,4.055,0.81099546,1.46179307,31.20868135,3.24873951,-0.10891295968992248,0.14683357472868216
1,4.06,0.82005489,1.50989866,31.23907403,3.22012079,-0.08839741426356588,0.13388613751937986
1,4.065,0.82942397,1.55922387,31.26892176,3.22258611,-0.06230042837209302,0.1171572534883721
1,4.07,0.83909094,1.60963817,31.28918162,3.24975303,-0.03134806279069768,0.09714321069767441
1,4.075,0.84903869,1.66110748,31.31825158,3.30680614,0.00310125984496124,0.07479045162790698
1,4.08,0.85924481,1.71365351,31.31491018,3.39013669,0.03883788868217054,0.05174584046511628
1,4.085,0.86968193,1.76730829,31.34278673,3.50337091,0.0727923415503876,0.03033618558139535
1,4.09,0.88031818,1.82206408,31.35443445,3.63979588,0.10106493906976745,0.013538200775193798
1,4.095,0.89111782,1.87787847,31.36512743,3.80216423,0.11923850015503876,0.004698022170542636
1,4.1,0.90204194,1.93430072,31.3919182,4.00554563,0.12312224077519379,0.006975040930232558
1,4.105,0.91304918,1.9910931,31.40095702,4.21572032,0.1089796750387597,0.02299309937984496
1,4.11,0.92409632,2.04748178,31.36945393,4.42638645,0.07493810062015503,0.053721497984496124
1,4.115,0.93513887,2.10253488,31.38948892,4.70065929,0.021356818449612402,0.09819733798449612
1,4.12,0.94613163,2.15508456,31.38635452,4.97143578,-0.04863196604651163,0.15303553472868217
1,4.125,0.95702913,2.20369296,31.37693635,5.26387343,-0.12926087178294574,0.21265698961240312
1,4.13,0.96778608,2.24675917,31.36510637,5.57462982,-0.21291045596899225,0.2700917128682171
1,4.135,0.97835753,2.28254487,31.34947692,5.90244259,-0.2914150508527132,0.318268859379845
1,4.14,0.98869901,2.30925693,31.33220833,6.24677932,-0.3576399497674419,0.3514762434108527
1,4.145,0.99876658,2.32514452,31.31063544,6.60480068,-0.40684440248062015,0.3665597412403101
1,4.15,1.00851681,2.32861854,31.28925619,6.97756921,-0.4372649212403101,0.36352270434108525
1,4.155,1.01790673,2.31838954,31.26393045,7.36152881,-0.4503702531782946,0.3451467368992248
1,4.16,1.02689388,2.29360082,31.23769335,7.75691082,-0.45001472620155036,0.3161912457364341
1,4.165,1.03543624,2.25390497,31.20786672,8.16167884,-0.4413197254263566,0.28214419023255816
1,4.17,1.04349243,2.19943221,31.17648221,8.57363985,-0.4296788111627907,0.24806621224806202
1,4.175,1.05102184,2.13064624,31.14191204,8.99266936,-0.4198502262015504,0.21788148620155037
1,4.18,1.05798504,2.04812665,31.10429229,9.41626549,-0.4157538387596899,0.19411169705426357
1,4.185,1.06434435,1.952342,31.06231669,9.84275381,-0.4200166462015504,0.17797783581395346
1,4.19,1.07006397,1.84348465,31.04410733,10.28834376,-0.43436267937984496,0.16976144899224807
1,4.195,1.07511089,1.72142349,30.99960421,10.71659183,-0.4593796790697674,0.1688453906976744
1,4.2,1.07945802,1.58579355,30.95195382,11.144181,-0.4947252353488372,0.1741565114728682
1,4.205,1.0830885,1.43619888,30.90002299,11.5679546,-0.539435247131783,0.1843597189147287
1,4.21,1.08599251,1.27247311,30.87461726,11.99240366,-0.5920829114728682,0.1979901
1,4.215,1.08816753,1.09493922,30.78114048,12.39581498,-0.6507955883720931,0.21353936155038758
1,4.22,1.08962081,0.90462344,30.74612623,12.80786472,-0.7135182930232559,0.22956780604651164
1,4.225,1.0903703,0.70339629,30.67328787,13.20057032,-0.7780882931782945,0.2447627618604651
1,4.23,1.09044532,0.49403069,30.53523249,13.56044782,-0.8423856486821706,0.2580157218604651
1,4.235,1.08988709,0.28016999,30.50063873,13.94428903,-0.9045163493023256,0.26850419736434106
1,4.24,1.08874915,0.06620024,30.40355553,14.29465329,-0.9627939263565892,0.27570505782945737
1,4.245,1.08709733,-0.14297512,30.29986379,14.62757021,-1.015919172868217,0.2794368925581395
1,4.25,1.08500942,-0.3422528,30.19869083,14.93707747,-1.0629340091472868,0.2798152106976744
1,4.255,1.08257412,-0.52671434,30.06268388,15.23785467,-1.1032321155038758,0.2772010925581396
1,4.26,1.07988972,-0.69150561,29.94257354,15.51130029,-1.1368793555038759,0.27234976992248067
1,4.265,1.07706198,-0.8348663,29.80357692,15.7700907,-1.1622908001550387,0.26501460232558144
1,4.27,1.07420159,-0.95312105,29.64130386,16.00699514,-1.1807379088372092,0.25650171023255813
1,4.275,1.07142137,-1.04611594,29.4755448,16.22466749,-1.1917089610852711,0.24697027162790697
1,4.28,1.06883307,-1.11452476,29.29952324,16.41861365,-1.1951624173643411,0.23670873395348838
1,4.285,1.06654404,-1.16018931,29.11919059,16.59229921,-1.191124230852713,0.2258846423255814
1,4.29,1.06465367,-1.18584889,28.92367844,16.74365452,-1.1796932396899225,0.21455153348837208
1,4.295,1.06324911,-1.19483822,28.71054275,16.87388967,-1.1610637302325582,0.20266922744186047
1,4.3,1.0623894,-1.19078152,28.49122865,16.98226387,-1.135613151472868,0.19016277286821706
1,4.305,1.06212351,-1.17729777,28.2714089,17.0760722,-1.1038752454263565,0.176934731627907
1,4.31,1.06248481,-1.15773336,28.0017547,17.1341812,-1.0665973400000002,0.1629165657364341
