onset,time,hcom_velocity,hip_angle,knee_angle,hip_torque,knee_torque
0,0,-0.01985622,62.2581011,81.0102778,-0.543646748682171,0.013795344496124
0,0.005,-0.01984533,62.25924457,81.01130633,-0.548762617829457,0.018054293178295
0,0.01,-0.01981978,62.2266071,81.01723097,-0.553605913953488,0.022116906976744
0,0.015,-0.01977823,62.22751809,81.01810306,-0.557970334263566,0.025818820930233
0,0.02,-0.01971874,62.19112867,81.02219396,-0.561709402945736,0.029039023875969
0,0.025,-0.01963898,62.19211536,81.02271259,-0.564746126356589,0.031705961085271
0,0.03,-0.01953647,62.1558312,81.02717814,-0.567073821395349,0.03379752124031
0,0.035,-0.01940887,62.15674268,81.02802229,-0.568747019224806,0.03533562372093
0,0.04,-0.01925411,62.11998463,81.03137606,-0.569865642790698,0.03637743751938
0,0.045,-0.01907059,62.11859083,81.03468,-0.570557534883721,0.037005064496124
0,0.05,-0.01885726,62.08416859,81.03478393,-0.570960742325581,0.037314232868217
0,0.055,-0.01861373,62.08265062,81.0383723,-0.571206148527132,0.037402409302326
0,0.06,-0.01834025,62.05070109,81.03841518,-0.571402716124031,0.037357299534884
0,0.065,-0.01803775,62.05195467,81.03940823,-0.571630075193798,0.037249644031008
0,0.07,-0.01770778,62.01461738,81.04076363,-0.571936886356589,0.037130756124031
0,0.075,-0.01735255,62.01541609,81.04088696,-0.572342337674419,0.037032553488372
0,0.08,-0.01697489,61.98155439,81.04306405,-0.572840796589147,0.036969873333333
0,0.085,-0.01657817,61.97903852,81.04595489,-0.57340818,0.036944767906977
0,0.09,-0.01616625,61.94977577,81.04472369,-0.574009071162791,0.036950848217054
0,0.095,-0.01574334,61.95070029,81.04506122,-0.574604035968992,0.036977231162791
0,0.1,-0.01531392,61.91845168,81.04632018,-0.575156752558139,0.037012731627907
0,0.105,-0.01488257,61.91908453,81.04634327,-0.575641966666667,0.037050310852713
0,0.11,-0.01445393,61.88958732,81.04819072,-0.576049565581395,0.037089763255814
0,0.115,-0.01403257,61.89017091,81.04817078,-0.576382687596899,0.037137567751938
0,0.12,-0.01362285,61.86218516,81.05026353,-0.576654137674419,0.037204624806202
0,0.125,-0.01322888,61.86270282,81.04991658,-0.576881518449612,0.037302226046512
0,0.13,-0.01285431,61.83606571,81.05268242,-0.577083009922481,0.037437945426357
0,0.135,-0.0125023,61.83652266,81.05235794,-0.577274908217054,0.037613204031008
0,0.14,-0.0121754,61.8314335,81.05897307,-0.577470769612403,0.037823248837209
0,0.145,-0.01187548,61.80431372,81.05515179,-0.577681822790698,0.038059022635659
0,0.15,-0.01160376,61.80528084,81.05706355,-0.577917222015504,0.03830892496124
0,0.155,-0.01136084,61.80331277,81.06139195,-0.578183071472868,0.038560824806202
0,0.16,-0.01114682,61.80360352,81.06102826,-0.578479082325581,0.038802675658915
0,0.165,-0.01096152,61.75666999,81.06556845,-0.578796122635659,0.039022325891473
0,0.17,-0.01080472,61.75704683,81.06533049,-0.579117278914729,0.039208049302326
0,0.175,-0.01067638,61.7348063,81.07155701,-0.57942206,0.039350167131783
0,0.18,-0.01057652,61.73524396,81.0718349,-0.579691395658915,0.039442674418605
0,0.185,-0.01050517,61.73455613,81.07559198,-0.579912605581395,0.039484001395349
0,0.19,-0.0104623,61.73490825,81.0753817,-0.580081795968992,0.039477080930233
0,0.195,-0.01044779,61.6971705,81.08425671,-0.580202566666667,0.039428852868217
0,0.2,-0.01046166,61.6975593,81.08396238,-0.580282249922481,0.039348980620155
0,0.205,-0.01050403,61.67727406,81.09219367,-0.580328143875969,0.039248230077519
0,0.21,-0.01057507,61.67767479,81.09189268,-0.580344042635659,0.039136242325581
0,0.215,-0.01067487,61.67754572,81.09657223,-0.580327840310078,0.039019783100775
0,0.22,-0.01080336,61.67257135,81.10567291,-0.580271377364341,0.038902060620155
0,0.225,-0.01096028,61.63779376,81.10718153,-0.580162487751938,0.038783556124031
0,0.23,-0.01114531,61.63832599,81.10696861,-0.579986691162791,0.038662516589147
0,0.235,-0.01135803,61.63865163,81.11304981,-0.579728344341085,0.038534745581395
0,0.24,-0.01159791,61.60781511,81.12127214,-0.579371766821705,0.038393803565892
0,0.245,-0.01186427,61.60839324,81.12093471,-0.578904231472868,0.038232305581395
0,0.25,-0.01215625,61.60608348,81.12975812,-0.578321179379845,0.038045039844961
0,0.255,-0.0124728,61.57478862,81.13367856,-0.577629304496124,0.037831705736434
0,0.26,-0.01281257,61.57579553,81.13761521,-0.576844334108527,0.037597059689923
0,0.265,-0.01317399,61.5762452,81.13729998,-0.575988316124031,0.037350671627907
0,0.27,-0.01355515,61.54002191,81.14910771,-0.575087224186047,0.037106120310078
0,0.275,-0.01395392,61.54065893,81.14860951,-0.574170027906977,0.036880197984496
0,0.28,-0.01436791,61.53884032,81.15686641,-0.573268921705426,0.036692027286822
0,0.285,-0.01479457,61.50109315,81.16155316,-0.572417446666667,0.03656063503876
0,0.29,-0.01523115,61.50163048,81.16637861,-0.571645501550387,0.03650182496124
0,0.295,-0.01567479,61.50221305,81.16595069,-0.570972970387597,0.036525808217054
0,0.3,-0.01612251,61.46300252,81.1778224,-0.570407057054264,0.036636699844961
0,0.305,-0.01657134,61.44624654,81.18183737,-0.569944932868217,0.036833745271318
0,0.31,-0.01701828,61.44714057,81.18134008,-0.56957725751938,0.037111830387597
0,0.315,-0.01746028,61.41940378,81.19149221,-0.569290582170543,0.037461416744186
0,0.32,-0.01789411,61.4196695,81.19455662,-0.569068085581395,0.037868689147287
0,0.325,-0.01831637,61.42034167,81.19413764,-0.56889185503876,0.03831761255814
0,0.33,-0.01872356,61.37345832,81.20567866,-0.568747383410853,0.03879435875969
0,0.335,-0.01911227,61.37455713,81.2049848,-0.568624782790698,0.039290686666667
0,0.34,-0.01947937,61.34101548,81.21551935,-0.568516513023256,0.039803950852713
0,0.345,-0.01982204,61.34213496,81.21482396,-0.568414666511628,0.040334823565892
0,0.35,-0.02013786,61.30776173,81.22390576,-0.568310302170543,0.040885907286822
0,0.355,-0.02042477,61.30902734,81.22321609,-0.568192365426357,0.041460576744186
0,0.36,-0.02068108,61.27953722,81.23343861,-0.568046876589147,0.042061564651163
0,0.365,-0.02090547,61.28014972,81.2375186,-0.567858440310078,0.042689525581395
0,0.37,-0.02109711,61.24105104,81.241899,-0.567614206511628,0.043342637984496
0,0.375,-0.02125563,61.24029114,81.24693491,-0.567309112093023,0.044017653643411
0,0.38,-0.02138125,61.20780959,81.25177081,-0.566949858914729,0.044711458139535
0,0.385,-0.02147472,61.20716198,81.2550868,-0.566554246356589,0.045422012868217
0,0.39,-0.02153734,61.17268936,81.26048918,-0.566146132093023,0.04614821751938
0,0.395,-0.02157091,61.16785928,81.2652935,-0.565749878139535,0.046889531007752
0,0.4,-0.02157776,61.13684957,81.26913586,-0.565386745581395,0.04764617379845
0,0.405,-0.02156062,61.13440653,81.27490344,-0.565070849147287,0.048418347596899
0,0.41,-0.0215226,61.10222986,81.27806142,-0.564805149922481,0.049204898604651
0,0.415,-0.02146709,61.08618045,81.28350109,-0.564578769147287,0.050002035503876
0,0.42,-0.02139764,61.08620168,81.28621822,-0.564366885271318,0.050802289457364
0,0.425,-0.02131784,61.04940557,81.29132402,-0.564133360930233,0.051594294418605
0,0.43,-0.02123128,61.04737194,81.29790657,-0.563834672248062,0.052363130232558
0,0.435,-0.02114147,61.01647025,81.30303374,-0.563425918449612,0.053091842325581
0,0.44,-0.02105184,61.01559228,81.30378718,-0.562869508682171,0.053764247596899
0,0.445,-0.02096563,60.97797447,81.30970534,-0.562146110077519,0.054369874883721
0,0.45,-0.02088587,60.97822717,81.31292328,-0.561260167596899,0.054907490387597
0,0.455,-0.02081537,60.9469144,81.32168126,-0.560238329922481,0.055385636124031
0,0.46,-0.02075667,60.94815478,81.32089499,-0.559125890852713,0.055821271007752
0,0.465,-0.02071201,60.90750521,81.3295062,-0.557981832558139,0.056237455348837
0,0.47,-0.02068338,60.90753384,81.33170269,-0.556870847906977,0.056660333643411
0,0.475,-0.02067249,60.86981256,81.3377066,-0.555853577829457,0.057115569147287
0,0.48,-0.0206808,60.86998031,81.34051505,-0.554976525116279,0.057623718294574
0,0.485,-0.02070943,60.83206389,81.34702237,-0.5542654,0.058195892248062
0,0.49,-0.02075918,60.83178034,81.34959415,-0.553721395813954,0.058830360310078
0,0.495,-0.02083044,60.79894923,81.35905236,-0.553322003875969,0.059510905426357
0,0.5,-0.02092322,60.80004695,81.35832209,-0.553028434418605,0.060209438139535
0,0.505,-0.02103709,60.75491652,81.36613321,-0.552795190077519,0.060891756744186
0,0.51,-0.02117129,60.75466987,81.36819943,-0.552577978294574,0.061523570697675
0,0.515,-0.02132472,60.7159185,81.37708538,-0.55233714372093,0.062074425116279
0,0.52,-0.02149598,60.71704446,81.37632352,-0.552040315658915,0.06252105875969
0,0.525,-0.02168334,60.6726167,81.38341969,-0.551664184496124,0.062849721860465
0,0.53,-0.02188478,60.67131389,81.3868294,-0.551195406356589,0.063057161705426
0,0.535,-0.02209802,60.6640775,81.39437879,-0.55063228372093,0.063150964186047
0,0.54,-0.02232063,60.60752006,81.39441307,-0.549985549302326,0.063148508062016
0,0.545,-0.02255017,60.60469299,81.40004565,-0.549274794573643,0.063073141550388
0,0.55,-0.02278434,60.56385314,81.40429583,-0.548521409302326,0.06294877379845
0,0.555,-0.02302103,60.56506669,81.40358874,-0.547743454418605,0.062796010232558
0,0.56,-0.02325827,60.51756369,81.41063571,-0.546956840930233,0.062632830542636
0,0.565,-0.02349432,60.51679004,81.4152263,-0.546178270852713,0.062475850387597
0,0.57,-0.02372759,60.47383908,81.42029324,-0.545424762170543,0.062338750542636
0,0.575,-0.02395676,60.47118819,81.42149545,-0.544711598139535,0.062230704186047
0,0.58,-0.02418071,60.42487929,81.42559256,-0.544051842635659,0.062156188682171
0,0.585,-0.02439856,60.42353792,81.42913606,-0.543458305426357,0.06211675751938
0,0.59,-0.02460971,60.37844901,81.43249877,-0.542943106821705,0.062112861550388
0,0.595,-0.02481378,60.35290007,81.43496944,-0.542513759844961,0.062143908682171
0,0.6,-0.02501059,60.35264929,81.4394554,-0.542168344651163,0.062207443565892
0,0.605,-0.02520004,60.30894745,81.44389502,-0.541892640465116,0.062298843255814
0,0.61,-0.0253821,60.30781296,81.44521601,-0.541661093178295,0.062412060775194
0,0.615,-0.02555678,60.25957613,81.44895456,-0.541439128062016,0.062540339689923
0,0.62,-0.02572419,60.23439225,81.45146191,-0.54118606620155,0.062677023875969
0,0.625,-0.02588452,60.23422879,81.45512638,-0.540860480310078,0.06281682248062
0,0.63,-0.02603797,60.18976504,81.45892737,-0.540423201395349,0.062955017209302
0,0.635,-0.02618476,60.18890511,81.46144692,-0.539838190077519,0.063085279844961
0,0.64,-0.0263251,60.14049003,81.46511979,-0.539075626511628,0.063199245891473
0,0.645,-0.02645929,60.11510946,81.46700753,-0.538115533488372,0.063287815193799
0,0.65,-0.02658766,60.0932985,81.47057741,-0.536949762170543,0.063342045271318
0,0.655,-0.02671046,60.09384301,81.47406864,-0.535583035658915,0.063354206356589
0,0.66,-0.02682776,60.04443371,81.47595978,-0.534032478139535,0.063318847751938
0,0.665,-0.0269394,60.04145309,81.48113776,-0.532327339844961,0.06323431751938
0,0.67,-0.027045,59.99678996,81.48195144,-0.530508781395349,0.063104367441861
0,0.675,-0.027144,59.99628276,81.48452845,-0.528626494728682,0.062938491007752
0,0.68,-0.02723565,59.94990419,81.48764955,-0.526732730542636,0.062750888527132
0,0.685,-0.02731899,59.95007772,81.48964001,-0.524879145581395,0.062558838604651
0,0.69,-0.02739293,59.90262422,81.49268258,-0.523115382635659,0.062380975348837
0,0.695,-0.02745621,59.90423341,81.49176061,-0.521486816744186,0.062235653178295
0,0.7,-0.02750747,59.85591647,81.49795647,-0.520028475813953,0.062138121085271
0,0.705,-0.02754529,59.8574412,81.4969912,-0.518757115503876,0.062096701395349
0,0.71,-0.0275682,59.80936146,81.50258807,-0.517667176434109,0.062109768682171
0,0.715,-0.02757474,59.80143269,81.50617633,-0.516731460155039,0.062165275348837
0,0.72,-0.02756345,59.76476086,81.50721518,-0.515904350697674,0.062242860930233
0,0.725,-0.02753274,59.76489162,81.50955437,-0.515128706666667,0.06231800372093
0,0.73,-0.02748098,59.76611968,81.50850851,-0.514343146821705,0.062365678914729
0,0.735,-0.02740651,59.69924356,81.51354002,-0.513489583100775,0.062362888992248
0,0.74,-0.02730797,59.70078885,81.51256525,-0.512523129767442,0.062292535968992
0,0.745,-0.02718452,59.65227649,81.51663172,-0.511420184031008,0.062147666511628
0,0.75,-0.02703594,59.65387328,81.5156767,-0.510181290542636,0.061933617054264
0,0.755,-0.02686264,59.61281328,81.52029057,-0.508828040465116,0.061666504806202
0,0.76,-0.02666561,59.61450618,81.51946994,-0.507395902945736,0.06136901875969
0,0.765,-0.02644637,59.57186,81.52406983,-0.505926715503876,0.061066527286822
0,0.77,-0.02620688,59.5734557,81.52319546,-0.504462640155039,0.060784378139535
0,0.775,-0.02594953,59.53407015,81.52814329,-0.503042199844961,0.060545706046512
0,0.78,-0.02567696,59.53568666,81.52713148,-0.501696864186046,0.060368803410853
0,0.785,-0.02539207,59.49584195,81.53031038,-0.500447661860465,0.06026450620155
0,0.79,-0.02509782,59.49742804,81.52954107,-0.499302772713178,0.060234942945737
0,0.795,-0.02479714,59.45957291,81.53441829,-0.498257875193798,0.060274881395349
0,0.8,-0.02449276,59.46124485,81.53343217,-0.497298443410853,0.060374443565892
0,0.805,-0.02418705,59.4582707,81.54049222,-0.496403638449612,0.060521463875969
0,0.81,-0.02388192,59.41190704,81.53938769,-0.495551735968992,0.060703232403101
0,0.815,-0.02357875,59.41353466,81.53838292,-0.494723942170543,0.060906619534884
0,0.82,-0.02327837,59.40958277,81.54468369,-0.493904960930233,0.061116809922481
0,0.825,-0.02298104,59.41064791,81.54353909,-0.49308062496124,0.061315901550388
0,0.83,-0.02268658,59.34860497,81.54438975,-0.492237067596899,0.061484309922481
0,0.835,-0.02239453,59.35006739,81.54357516,-0.491363510697674,0.061604140620155
0,0.84,-0.02210427,59.34793179,81.54994123,-0.490457275193799,0.061663219224806
0,0.845,-0.02181504,59.34894089,81.54898201,-0.489527465116279,0.061659371937985
0,0.85,-0.02152605,59.28696593,81.54982242,-0.488593637209302,0.061601946511628
0,0.855,-0.02123658,59.28834302,81.54919138,-0.487677981705426,0.061507940465116
0,0.86,-0.02094609,59.28648204,81.55678028,-0.486796117984496,0.061395664806202
0,0.865,-0.02065413,59.28733528,81.55583262,-0.485951991937985,0.061279706976744
0,0.87,-0.02036044,59.23212407,81.55744608,-0.485140053023256,0.061170080775194
0,0.875,-0.020065,59.23329309,81.55681817,-0.484349851782946,0.061073156899225
0,0.88,-0.01976814,59.20162213,81.56150537,-0.483570114883721,0.060992509767442
0,0.885,-0.01947037,59.20267234,81.56098377,-0.482791314418605,0.060929547441861
0,0.89,-0.01917227,59.20359058,81.56076673,-0.48200599627907,0.06088359751938
0,0.895,-0.01887437,59.16105367,81.56679629,-0.481208327286822,0.060851264341085
0,0.9,-0.01857713,59.16197047,81.56613464,-0.480394989767442,0.060826831162791
0,0.905,-0.01828095,59.13221429,81.57158354,-0.479566391007752,0.060803935503876
0,0.91,-0.01798608,59.1330525,81.57092007,-0.478728349612403,0.060778082635659
0,0.915,-0.01769259,59.1291843,81.57462511,-0.477893670077519,0.060749115193799
0,0.92,-0.01740033,59.08856753,81.57522851,-0.477082189457364,0.060722031472868
0,0.925,-0.01710898,59.08943175,81.57487252,-0.476317591007752,0.060705119224806
0,0.93,-0.01681812,59.05850466,81.57955545,-0.475622863100775,0.060707738604651
0,0.935,-0.01652722,59.05918972,81.57912528,-0.475017004496124,0.060738286356589
0,0.94,-0.01623561,59.03196032,81.58434704,-0.474512462325581,0.060802695348837
0,0.945,-0.01594244,59.02994024,81.5856202,-0.474113724341085,0.060904152868217
0,0.95,-0.01564664,59.03049739,81.58525625,-0.473817539689922,0.061043514573644
0,0.955,-0.01534707,58.98630759,81.58812046,-0.473613544031008,0.061219006666667
0,0.96,-0.01504261,58.98691593,81.59167916,-0.47348458620155,0.061425612713178
0,0.965,-0.01473231,58.95723106,81.5937962,-0.473409903565891,0.061655713178295
0,0.97,-0.01441541,58.95772171,81.59356203,-0.473370267751938,0.061900919379845
0,0.975,-0.01409137,58.93029197,81.59800033,-0.473352179069767,0.062153770697675
0,0.98,-0.01375981,58.93076187,81.59786762,-0.473348715348837,0.06240746248062
0,0.985,-0.01342052,58.92806357,81.60552583,-0.473357955658915,0.062654615503876
0,0.99,-0.0130735,58.89261365,81.60950293,-0.473381340620155,0.062887884186047
0,0.995,-0.01271907,58.89277387,81.60902382,-0.473424029767442,0.063102639689923
0,1,-0.01235795,58.86272436,81.61178867,-0.473494503875969,0.063298628992248
0,1.005,-0.01199129,58.86306834,81.61160699,-0.473602651782946,0.063478954418605
0,1.01,-0.01162058,58.83944408,81.61748951,-0.473758410852713,0.063648682325581
0,1.015,-0.01124753,58.83982632,81.61740796,-0.473970093953488,0.063813456434109
0,1.02,-0.01087403,58.83872635,81.62380929,-0.474242925116279,0.063978325426357
0,1.025,-0.01050205,58.80386719,81.62634694,-0.474576949922481,0.064146281705426
0,1.03,-0.01013363,58.79946614,81.63002649,-0.47496412124031,0.064316422635659
0,1.035,-0.00977085,58.79979676,81.62990959,-0.475385184031008,0.064482185271318
0,1.04,-0.0094157,58.79773009,81.63648079,-0.475809157674419,0.064631402945737
0,1.045,-0.00907007,58.76216971,81.63932637,-0.476198585116279,0.064749434418605
0,1.05,-0.00873574,58.76238639,81.63929155,-0.476517182015504,0.064823135968992
0,1.055,-0.0084143,58.7610047,81.64613535,-0.476735688372093,0.064843509147287
0,1.06,-0.00810711,58.76109594,81.64600595,-0.476836529922481,0.06480676496124
0,1.065,-0.00781525,58.75574584,81.65442876,-0.476816044031008,0.064713857054264
0,1.07,-0.00753964,58.71775684,81.65783924,-0.47668467875969,0.064570038139535
0,1.075,-0.00728118,58.71823832,81.65764518,-0.47646396620155,0.064384008682171
0,1.08,-0.00704082,58.71749943,81.66361974,-0.476182420620155,0.064167525271318
0,1.085,-0.00681943,58.7174397,81.66349974,-0.475869904651163,0.063934650852713
0,1.09,-0.00661784,58.68218013,81.67129329,-0.47555321255814,0.063700005271318
0,1.095,-0.00643677,58.68235459,81.67129761,-0.475254814418605,0.063476851782946
0,1.1,-0.00627674,58.68148915,81.67701252,-0.474993430077519,0.063276488837209
0,1.105,-0.00613799,58.68141204,81.67701234,-0.47478581379845,0.063109057984496
0,1.11,-0.00602032,58.6777661,81.6847928,-0.474647983100775,0.062984123875969
0,1.115,-0.00592317,58.66557164,81.69220484,-0.474592628992248,0.062909437209302
0,1.12,-0.00584577,58.66319129,81.69148492,-0.474626547751938,0.062890126511628
0,1.125,-0.00578733,58.62836553,81.69500285,-0.474748305891473,0.062928058604651
0,1.13,-0.00574713,58.62851273,81.69509642,-0.47494612496124,0.063021519689923
0,1.135,-0.00572455,58.62710457,81.7006385,-0.475197373178295,0.063165092403101
0,1.14,-0.00571893,58.62721773,81.70057863,-0.475470624341085,0.063349325426357
0,1.145,-0.00572951,58.62129046,81.70839755,-0.475729094108527,0.06356060620155
0,1.15,-0.00575546,58.59544907,81.70890535,-0.475932858139535,0.06378049255814
0,1.155,-0.00579589,58.59469447,81.7106425,-0.476043348062016,0.063987163100775
0,1.16,-0.00584985,58.59478995,81.71074515,-0.476030410387597,0.06415954248062
0,1.165,-0.00591626,58.59073742,81.71839808,-0.475878369457364,0.064280886976744
0,1.17,-0.0059939,58.58946602,81.71877048,-0.475587636744186,0.064340062015504
0,1.175,-0.00608145,58.56317751,81.72183163,-0.475173552403101,0.064332690542636
0,1.18,-0.00617755,58.56346469,81.72172789,-0.474665657054264,0.064262914108527
0,1.185,-0.00628082,58.56256148,81.7242868,-0.47410446372093,0.064143331937985
0,1.19,-0.0063898,58.56275073,81.72417684,-0.473534856744186,0.063992511782946
0,1.195,-0.00650295,58.5381202,81.72839493,-0.473000085581395,0.063832223565892
0,1.2,-0.00661861,58.53855528,81.7282413,-0.472537770852713,0.063684947751938
0,1.205,-0.00673497,58.53821119,81.7299301,-0.47217661875969,0.063570970077519
0,1.21,-0.00684995,58.53868707,81.72976739,-0.471934157209302,0.063505949302326
0,1.215,-0.0069612,58.5368505,81.73289216,-0.471814700155039,0.063499775813954
0,1.22,-0.00706608,58.53737356,81.73250889,-0.471807686976744,0.063555600310078
0,1.225,-0.00716187,58.50921654,81.73566785,-0.471887799689922,0.063668937984496
0,1.23,-0.00724584,58.50971595,81.73535449,-0.472017346821705,0.063827507441861
0,1.235,-0.00731534,58.51012767,81.73516729,-0.472151998139535,0.064013618139535
0,1.24,-0.00736772,58.50868188,81.73673813,-0.472247466046512,0.064207811782946
0,1.245,-0.00740036,58.50930775,81.7362703,-0.472264038294574,0.064391263255814
0,1.25,-0.00741066,58.50487246,81.73780712,-0.472168768372093,0.064546955348837
0,1.255,-0.00739622,58.50508438,81.73740476,-0.471939015503876,0.064661396124031
0,1.26,-0.00735505,58.47268301,81.7369308,-0.471570543875969,0.064728034728682
0,1.265,-0.00728571,58.47321279,81.73666214,-0.471083785116279,0.064750315193799
0,1.27,-0.00718734,58.47234949,81.73747389,-0.470521269302326,0.064741058294574
0,1.275,-0.00705954,58.47010016,81.73720793,-0.469937275193799,0.064718289922481
0,1.28,-0.0069023,58.47044073,81.73690253,-0.469385968217054,0.064700111162791
0,1.285,-0.0067159,58.47071622,81.73662788,-0.468911985426357,0.064700229767442
0,1.29,-0.00650101,58.46844193,81.73677558,-0.468544348837209,0.064725684186047
0,1.295,-0.00625879,58.44046097,81.73520269,-0.468295138604651,0.064777108062016
0,1.3,-0.00599101,58.43991695,81.73562825,-0.468161415968992,0.06485019255814
0,1.305,-0.00570004,58.44015427,81.73547979,-0.468128536434109,0.064937505581395
0,1.31,-0.0053888,58.4391273,81.73569274,-0.468172897984496,0.065029745581395
0,1.315,-0.00506061,58.42245137,81.73529748,-0.468264622170543,0.06511721751938
0,1.32,-0.00471908,58.42263721,81.73510292,-0.468370223100775,0.065191249767442
0,1.325,-0.00436801,58.4227006,81.73495131,-0.468456352713178,0.065244987441861
0,1.33,-0.00401113,58.42259625,81.7348406,-0.468494478604651,0.065274326666667
0,1.335,-0.00365207,58.42255705,81.73486028,-0.468463530542636,0.0652782
0,1.34,-0.00329421,58.42108408,81.73485384,-0.468349486666667,0.065257385426357
0,1.345,-0.00294072,58.40287769,81.73609428,-0.468143050077519,0.065212381705426
0,1.35,-0.00259457,58.40285834,81.73609838,-0.467837995658915,0.065142369767442
0,1.355,-0.00225852,58.40277844,81.7359589,-0.467430899379845,0.065045220155039
0,1.36,-0.00193494,58.4027477,81.73596739,-0.466920614728682,0.064917087131783
0,1.365,-0.00162572,58.40143397,81.73579282,-0.46630866620155,0.064752032093023
0,1.37,-0.00133216,58.40138819,81.73580424,-0.465599470387597,0.064542399689923
0,1.375,-0.00105493,58.40092369,81.73586087,-0.46480091875969,0.064280718914729
0,1.38,-0.00079411,58.40088487,81.73585717,-0.463927504651163,0.063963185581395
0,1.385,-0.00054924,58.39866449,81.73568855,-0.463003614263566,0.063593051627907
0,1.39,-0.00031941,58.39818102,81.73585609,-0.462063414728682,0.063182089922481
0,1.395,-0.00010339,58.39818102,81.73585609,-0.461147594263566,0.062749572713178
0,1.4,0.00010023,58.38724168,81.73956125,-0.460301172093023,0.062320841085271
0,1.405,0.00029284,58.3855773,81.73753234,-0.459569869457364,0.061924332868217
0,1.41,0.00047579,58.38548691,81.73756559,-0.458995469302326,0.061587986976744
0,1.415,0.00065034,58.3849422,81.73777371,-0.45861183751938,0.061336998604651
0,1.42,0.00081767,58.38489619,81.73777056,-0.458441789767442,0.061191946356589
0,1.425,0.00097889,58.38337733,81.73738859,-0.458498105426357,0.061168434728682
0,1.43,0.00113499,58.37857852,81.73702063,-0.458785032403101,0.061275354573643
0,1.435,0.00128688,58.37846167,81.73713388,-0.459297360155039,0.061512055968992
0,1.44,0.00143535,58.37819976,81.73728537,-0.460019359379845,0.061867406976744
0,1.445,0.00158106,58.37793085,81.73739923,-0.460923709612403,0.062320405116279
0,1.45,0.00172459,58.37764144,81.7374893,-0.461972481085271,0.062842167131783
0,1.455,0.00186639,58.37733003,81.73755803,-0.463120413488372,0.063398704651163
0,1.46,0.00200681,58.37674773,81.73645669,-0.464316844806202,0.063953646666667
0,1.465,0.0021461,58.37643979,81.73666637,-0.465508387906977,0.064471607751938
0,1.47,0.00228438,58.37615817,81.73681102,-0.46664589627907,0.064922207286822
0,1.475,0.00242162,58.37586594,81.73692804,-0.467690205891473,0.065282404186047
0,1.48,0.00255771,58.37733836,81.73469494,-0.468614045426357,0.065537411007752
0,1.485,0.00269239,58.37687581,81.73501618,-0.469403723100775,0.06568149255814
0,1.49,0.00282527,58.37659829,81.73521594,-0.470059062170543,0.065716949612403
0,1.495,0.00295586,58.37680832,81.73521584,-0.47059160496124,0.065652074108527
0,1.5,0.0030835,58.37639477,81.73554833,-0.471021333488372,0.065499295968992
0,1.505,0.00320747,58.37610767,81.73582919,-0.471373692093023,0.065274626976744
0,1.51,0.00332699,58.38297374,81.73862568,-0.471678741705426,0.064998788837209
0,1.515,0.00344129,58.38258944,81.7370244,-0.471969992403101,0.064696804031008
0,1.52,0.00354965,58.38202951,81.73731588,-0.472280687751938,0.064395119069768
0,1.525,0.00365137,58.38244983,81.73710601,-0.47264075503876,0.064118844186047
0,1.53,0.00374583,58.38988867,81.73845855,-0.473075936744186,0.063890471472868
0,1.535,0.00383247,58.38927003,81.73856234,-0.473605430232558,0.063727951937985
0,1.54,0.00391079,58.38876867,81.73869083,-0.474237401550388,0.063642385116279
0,1.545,0.00398031,58.38833556,81.73888152,-0.474966986976744,0.063637266511628
0,1.55,0.00404055,58.3890962,81.73875584,-0.475778427286822,0.063709261085271
0,1.555,0.00409103,58.38846385,81.73936534,-0.47664788496124,0.063849054418605
0,1.56,0.00413134,58.39974728,81.73923476,-0.477543375658915,0.06404102
0,1.565,0.00416122,58.3991592,81.73965975,-0.478425285116279,0.064264289612403
0,1.57,0.00418052,58.39867427,81.74012816,-0.479251168992248,0.064496320465116
0,1.575,0.0041892,58.40189249,81.74431641,-0.479983179379845,0.064717378604651
0,1.58,0.00418726,58.40124968,81.74455518,-0.480596109922481,0.064914754263566
0,1.585,0.0041747,58.40166979,81.74419308,-0.481080880775194,0.065083368062016
0,1.59,0.00415153,58.40803172,81.74735424,-0.481443516434108,0.065223866976744
0,1.595,0.00411781,58.40778299,81.74638389,-0.481702700465116,0.065340784496124
0,1.6,0.00407359,58.40708869,81.74674301,-0.481885857364341,0.06544034372093
0,1.605,0.00401897,58.40760359,81.74654378,-0.482025270232558,0.065528525116279
0,1.61,0.00395404,58.40695409,81.74706093,-0.482157116434108,0.065611197054264
0,1.615,0.00387897,58.41484626,81.74660507,-0.482318519224806,0.065693715193799
0,1.62,0.003794,58.41538399,81.74723893,-0.482542509302326,0.065779055658915
0,1.625,0.00369949,58.41498696,81.74754151,-0.482853732713178,0.065866466356589
0,1.63,0.00359581,58.41540076,81.74755123,-0.483266202015504,0.065952212713178
0,1.635,0.00348332,58.41492027,81.74793872,-0.483783659534884,0.066031993488372
0,1.64,0.00336236,58.41564356,81.74805203,-0.484399178294574,0.066102417364341
0,1.645,0.00323325,58.41522627,81.74843773,-0.485094958449612,0.066161052093023
0,1.65,0.00309633,58.4150698,81.74867529,-0.485844409147287,0.066206768992248
0,1.655,0.00295204,58.42089412,81.75055094,-0.486613518294574,0.066239575348837
0,1.66,0.00280101,58.42079057,81.74863323,-0.487361225271318,0.066259545581395
0,1.665,0.00264406,58.42074105,81.74873307,-0.488042039844961,0.066265968217054
0,1.67,0.0024823,58.42815238,81.74454453,-0.488612616744186,0.066256985116279
0,1.675,0.00231703,58.42795044,81.74455315,-0.489040405891473,0.066230167906977
0,1.68,0.00214976,58.42783159,81.74472307,-0.48930954124031,0.066183430697675
0,1.685,0.00198206,58.42778885,81.74479718,-0.489421355658915,0.066116013643411
0,1.69,0.00181544,58.42780031,81.74481567,-0.48939197751938,0.066029761395349
0,1.695,0.00165129,58.42830246,81.74446828,-0.489247830232558,0.065929666666667
0,1.7,0.00149077,58.4284036,81.7444469,-0.489021972248062,0.065823862635659
0,1.705,0.00133479,58.42842761,81.744436,-0.488751953023256,0.065723854418605
0,1.71,0.00118398,58.42855065,81.74435103,-0.488477254418605,0.065644055348837
0,1.715,0.00103876,58.42857963,81.74432855,-0.488234875813953,0.065600203410853
0,1.72,0.00089929,58.42857963,81.74432855,-0.488053402790698,0.065606250387597
0,1.725,0.00076566,58.43745424,81.73912911,-0.487947849922481,0.065669515658915
0,1.73,0.00063787,58.4375173,81.73914324,-0.487915253953488,0.065785422945737
0,1.735,0.00051591,58.43840206,81.74005275,-0.487935318914729,0.065937276744186
0,1.74,0.00039978,58.4388914,81.73992238,-0.487977806046512,0.066101807906977
0,1.745,0.00028942,58.43890719,81.73993193,-0.488012466976744,0.066256627441861
0,1.75,0.00018479,58.43983258,81.74045484,-0.488016201705426,0.066386183255814
0,1.755,8.588E-05,58.45037666,81.73947961,-0.487975007286822,0.06648287751938
0,1.76,-7.27E-06,58.45041226,81.73947713,-0.48788352496124,0.066545700310078
0,1.765,-9.457E-05,58.45148077,81.73997559,-0.487744151007752,0.066578247751938
0,1.77,-0.00017591,58.45195006,81.73979335,-0.487565311782946,0.066586321395349
0,1.775,-0.00025121,58.4519599,81.7398056,-0.487359146046512,0.066575795503876
0,1.78,-0.0003204,58.46197642,81.73880791,-0.487140147751938,0.066551753643411
0,1.785,-0.00038347,58.46256265,81.73998523,-0.48692473627907,0.066517888217054
0,1.79,-0.00044046,58.46318654,81.74052953,-0.486729486666667,0.066476197364341
0,1.795,-0.00049152,58.46368882,81.74090227,-0.48656850248062,0.066427513023256
0,1.8,-0.00053696,58.4642258,81.74071384,-0.48645179627907,0.06637229503876
0,1.805,-0.00057724,58.46450696,81.74080278,-0.486387001550388,0.066312376124031
0,1.81,-0.00061303,58.47016041,81.73915957,-0.486382427286822,0.06625298124031
0,1.815,-0.00064509,58.47090621,81.74090932,-0.486447851472868,0.066203156899225
0,1.82,-0.00067434,58.47142158,81.74149406,-0.486593102015504,0.066174436434109
0,1.825,-0.00070181,58.47175018,81.74182385,-0.486826254573643,0.066179076899225
0,1.83,-0.00072863,58.47207801,81.74194747,-0.487152020155039,0.066228552093023
0,1.835,-0.00075605,58.47233102,81.74197313,-0.487568791472868,0.066331576899225
0,1.84,-0.00078533,58.47259993,81.7419023,-0.488064620930233,0.066492013643411
0,1.845,-0.00081776,58.47931119,81.74337207,-0.488613300465116,0.066705808527132
0,1.85,-0.00085457,58.4791343,81.74366739,-0.489174235813954,0.066958903565892
0,1.855,-0.00089689,58.47909969,81.74377542,-0.489697065426357,0.067228201705426
0,1.86,-0.00094573,58.4794339,81.74357239,-0.490130295968992,0.067485726511628
0,1.865,-0.00100197,58.47887062,81.74376337,-0.490430352093023,0.067704367286822
0,1.87,-0.00106636,58.47887242,81.7437593,-0.490568264651163,0.067862536434109
0,1.875,-0.00113943,58.47850343,81.74357203,-0.490534366356589,0.067946923255814
0,1.88,-0.00122157,58.47851139,81.74356108,-0.490339751782946,0.067953733488372
0,1.885,-0.00131298,58.47530312,81.74103814,-0.490012816124031,0.067888029302326
0,1.89,-0.00141367,58.47531798,81.74106946,-0.489591716899225,0.067761629922481
0,1.895,-0.00152343,58.47558103,81.74252236,-0.489117066046512,0.06759031875969
0,1.9,-0.00164189,58.47558983,81.74252171,-0.48862651503876,0.067391551782946
0,1.905,-0.00176845,58.47599972,81.74232719,-0.488152485271318,0.06718329131783
0,1.91,-0.00190233,58.47596601,81.74234338,-0.487720916744186,0.06698256620155
0,1.915,-0.00204269,58.46728686,81.74505524,-0.487349085426357,0.066803227751938
0,1.92,-0.0021886,58.4672747,81.7450296,-0.487043999534884,0.066654428062016
0,1.925,-0.00233913,58.46744992,81.74464081,-0.48680240868217,0.066540495503876
0,1.93,-0.00249333,58.46742063,81.74462566,-0.486611558914729,0.066461050387597
0,1.935,-0.0026502,58.4675206,81.74427638,-0.486454909767442,0.066413712093023
0,1.94,-0.00280882,58.45427367,81.74490409,-0.48631977379845,0.066398130697675
0,1.945,-0.0029683,58.45429992,81.74460287,-0.48619879131783,0.066416355193799
0,1.95,-0.00312784,58.4542323,81.74426015,-0.486087273333333,0.066470777674419
0,1.955,-0.00328665,58.45346408,81.74381673,-0.485983041085271,0.06656312124031
0,1.96,-0.00344395,58.45352072,81.74379913,-0.485886622015504,0.066693377829457
0,1.965,-0.00359896,58.43789371,81.74382515,-0.485800606356589,0.066858845426357
0,1.97,-0.00375091,58.43797594,81.74380707,-0.48572868,0.067054196899225
0,1.975,-0.00389902,58.43817565,81.7438132,-0.485675683255814,0.067272825116279
0,1.98,-0.00404245,58.43824306,81.74381994,-0.485647662325581,0.067508128837209
0,1.985,-0.00418023,58.43821221,81.74424157,-0.485650586356589,0.067752887441861
0,1.99,-0.00431131,58.43632486,81.74621963,-0.485687941705426,0.067997960310078
0,1.995,-0.00443459,58.43669185,81.74594383,-0.485759413023256,0.06823285751938
0,2,-0.00454912,58.43624116,81.74588357,-0.485858931472868,0.06844648124031
0,2.005,-0.00465424,58.40925597,81.74307805,-0.485971473023256,0.068627219689923
0,2.01,-0.00474974,58.40958646,81.74264708,-0.486071594108527,0.068763442945737
0,2.015,-0.00483585,58.40951966,81.74292624,-0.486125504341085,0.068844453953488
0,2.02,-0.00491314,58.40975991,81.74306988,-0.486096086046512,0.068861689302326
0,2.025,-0.00498245,58.40990936,81.74322035,-0.485949506356589,0.068810233023256
0,2.03,-0.00504477,58.40936239,81.74383397,-0.485661006356589,0.068690157829457
0,2.035,-0.00510124,58.39360473,81.74252109,-0.485220073488372,0.068507557984496
0,2.04,-0.00515311,58.39417157,81.74227725,-0.484632475193798,0.068273611937985
0,2.045,-0.00520175,58.39473023,81.74180554,-0.483919196744186,0.068002170232558
0,2.05,-0.00524848,58.39510564,81.74151514,-0.483113059379845,0.06770744124031
0,2.055,-0.00529453,58.39099793,81.74357178,-0.482253553333333,0.067402645891473
0,2.06,-0.00534099,58.39052076,81.74162853,-0.481382341395349,0.067099070542636
0,2.065,-0.00538879,58.39069513,81.74075716,-0.480538354728682,0.066804996899225
0,2.07,-0.00543866,58.39098123,81.74011285,-0.479753262790698,0.06652536620155
0,2.075,-0.00549124,58.37579906,81.73711858,-0.479048910697674,0.066262153953488
0,2.08,-0.00554706,58.37654991,81.73620404,-0.478437311782946,0.066015467906977
0,2.085,-0.00560656,58.37717684,81.73550095,-0.477920494573643,0.065783266666667
0,2.09,-0.00567001,58.37770149,81.73489671,-0.477490221085271,0.065560417364341
0,2.095,-0.00573753,58.36803189,81.73175756,-0.477129507751938,0.065339686046512
0,2.1,-0.00580901,58.3677469,81.73162034,-0.476816463565891,0.065113407906977
0,2.105,-0.00588411,58.36815331,81.73037897,-0.476529940310078,0.06487458248062
0,2.11,-0.00596224,58.3609057,81.72698739,-0.476252386666667,0.064617727131783
0,2.115,-0.0060425,58.36177878,81.72652022,-0.475969471007752,0.06433943627907
0,2.12,-0.00612366,58.36212723,81.72620725,-0.475669394263566,0.064038006046512
0,2.125,-0.00620419,58.35404508,81.72196579,-0.475343396899225,0.063712908372093
0,2.13,-0.00628225,58.35482269,81.72171532,-0.474987431937984,0.063365078139535
0,2.135,-0.00635576,58.35539649,81.72127219,-0.474604269457364,0.062997302325581
0,2.14,-0.00642239,58.34515222,81.71616466,-0.474204599069767,0.062614049147287
0,2.145,-0.00647974,58.34578166,81.7159023,-0.473804939844961,0.062220913023256
0,2.15,-0.00652531,58.33764424,81.71361364,-0.473424313488372,0.061823830697675
0,2.155,-0.00655667,58.33810959,81.71362636,-0.473078094108527,0.061426388527132
0,2.16,-0.00657146,58.33886947,81.71305308,-0.472772829612403,0.061028555193799
0,2.165,-0.00656749,58.32387399,81.70713535,-0.472505407286822,0.060627992093023
0,2.17,-0.00654292,58.32468534,81.70683655,-0.472264755813954,0.060221242635659
0,2.175,-0.00649628,58.32476933,81.70900175,-0.472035818914729,0.059804823100775
0,2.18,-0.00642663,58.30939337,81.7042615,-0.471804725581395,0.059376784186047
0,2.185,-0.00633366,58.3098828,81.70369553,-0.471561941085271,0.05893761379845
0,2.19,-0.0062177,58.30798009,81.7038532,-0.471302539534884,0.058489328527132
0,2.195,-0.00607982,58.29120639,81.69914079,-0.47102334496124,0.058032921395349
0,2.2,-0.00592182,58.29115193,81.70083354,-0.470719094263566,0.057566495193799
0,2.205,-0.00574627,58.28944666,81.699927,-0.470383162015504,0.05708686372093
0,2.21,-0.00555643,58.28981931,81.69944031,-0.470012707751938,0.056593230697675
0,2.215,-0.00535624,58.27094089,81.69654681,-0.469613469147287,0.056089296744186
0,2.22,-0.0051503,58.27013676,81.69705541,-0.469202916744186,0.055583877829457
0,2.225,-0.00494379,58.26802881,81.69677285,-0.468810604341085,0.055090127131783
0,2.23,-0.00474235,58.26499033,81.69629623,-0.468474359069768,0.054623460620155
0,2.235,-0.00455191,58.26422648,81.69681312,-0.46823335131783,0.054199371627907
0,2.24,-0.00437858,58.26084338,81.6962839,-0.468120748217054,0.053831797054264
0,2.245,-0.00422856,58.25506375,81.69629476,-0.468158215193798,0.05353169751938
0,2.25,-0.00410804,58.24837616,81.69739646,-0.468351496434109,0.053304857829457
0,2.255,-0.0040231,58.24811676,81.69766168,-0.468689744186047,0.053151370542636
0,2.26,-0.0039795,58.24623211,81.69842274,-0.469147541550388,0.053066538914729
0,2.265,-0.0039825,58.24552841,81.69903547,-0.469688601860465,0.053042351937985
0,2.27,-0.00403665,58.24582495,81.69882819,-0.470268954883721,0.053068399534884
0,2.275,-0.00414562,58.24441673,81.70091577,-0.470838370542636,0.053132221860465
0,2.28,-0.00431208,58.24467562,81.70071621,-0.471341710697674,0.05321975379845
0,2.285,-0.00453758,58.24506981,81.70055943,-0.471721177829457,0.053314852248062
0,2.29,-0.00482256,58.2431448,81.70422589,-0.471922631007752,0.053399743875969
0,2.295,-0.0051663,58.24357997,81.70394282,-0.47190583875969,0.053457181550388
0,2.3,-0.00556702,58.243969,81.70378055,-0.471654317054264,0.053474302635659
0,2.305,-0.00602191,58.23043344,81.70684718,-0.471178405736434,0.053445034108527
0,2.31,-0.00652725,58.23103031,81.70661105,-0.470513584341085,0.053370334883721
0,2.315,-0.00707842,58.23153461,81.70710919,-0.469716806821705,0.053258030077519
0,2.32,-0.00766992,58.22966504,81.71344611,-0.468858724031008,0.053121285891473
0,2.325,-0.0082954,58.22194263,81.70903677,-0.46801344744186,0.052975883255814
0,2.33,-0.00894769,58.22256344,81.70924868,-0.467247167286822,0.052836902015504
0,2.335,-0.00961886,58.21403979,81.71061987,-0.466608043875969,0.052716462015504
0,2.34,-0.01030031,58.21371443,81.7123893,-0.466121107751938,0.052623411007752
0,2.345,-0.01098283,58.20845879,81.71311342,-0.465791619534884,0.052565528217054
0,2.35,-0.01165669,58.20927147,81.71178599,-0.465610206821705,0.052551023100775
0,2.355,-0.01231181,58.19643933,81.70874058,-0.465555060465116,0.052586751782946
0,2.36,-0.01293794,58.19787462,81.7083893,-0.465592656899225,0.052674639069768
0,2.365,-0.01352487,58.18248253,81.7061927,-0.465682639379845,0.05281127751938
0,2.37,-0.01406271,58.18320683,81.70471483,-0.465786179224806,0.052990411782946
0,2.375,-0.0145421,58.16651153,81.70226589,-0.465872427286822,0.053204780775194
0,2.38,-0.01495446,58.16240837,81.70166721,-0.465919300465116,0.053446296744186
0,2.385,-0.01529221,58.14731281,81.69617109,-0.465913014108527,0.053706598914729
0,2.39,-0.01554891,58.13403273,81.69347045,-0.465849756124031,0.053978855193799
0,2.395,-0.0157194,58.12421957,81.690882,-0.465735400620155,0.054258119379845
0,2.4,-0.0157998,58.11366175,81.68778816,-0.465582968682171,0.054540575193799
0,2.405,-0.01578753,58.10871713,81.68797486,-0.465408345271318,0.054822321085271
0,2.41,-0.01568124,58.09632716,81.68184148,-0.465224546356589,0.055097278449612
0,2.415,-0.01548075,58.09241806,81.68168716,-0.465036028837209,0.055355606666667
0,2.42,-0.01518707,58.08114547,81.67872994,-0.464834275813954,0.055583931162791
0,2.425,-0.01480234,58.06502472,81.6720819,-0.464595537674419,0.055766055658915
0,2.43,-0.01432989,58.05312067,81.66826055,-0.464282844186047,0.055884431937985
0,2.435,-0.01377413,58.04514166,81.6690196,-0.46385001255814,0.05592295131783
0,2.44,-0.01314044,58.03356219,81.66246531,-0.46324413875969,0.055869655503876
0,2.445,-0.01243502,58.02920997,81.66369314,-0.462406921550388,0.055717525271318
0,2.45,-0.01166465,58.01949768,81.65609255,-0.461275990852713,0.055463404651163
0,2.455,-0.01083658,58.01924842,81.65699401,-0.45978727255814,0.05510599627907
0,2.46,-0.00995831,58.00500686,81.65236781,-0.457879684031008,0.054645056124031
0,2.465,-0.00903748,58.00586812,81.65205585,-0.455500778604651,0.054081600620155
0,2.47,-0.00808176,57.99346564,81.64775024,-0.452611611937985,0.053417867131783
0,2.475,-0.00709874,57.99426815,81.6476517,-0.449192529457364,0.052657529457364
0,2.48,-0.00609585,57.99313459,81.65010488,-0.445250290077519,0.051806842015504
0,2.485,-0.00508022,57.9915536,81.6485064,-0.440824400620155,0.050876017209302
0,2.49,-0.00405869,57.99182982,81.64837759,-0.43599104,0.049880623255814
0,2.495,-0.00303777,57.98796953,81.64711058,-0.430863535193798,0.048843110697674
0,2.5,-0.00202372,57.9867945,81.64606868,-0.425589096589147,0.047794026511628
0,2.505,-0.00102254,57.98555839,81.64620003,-0.42033973751938,0.046771880775194
0,2.51,-4.002E-05,57.98381429,81.6450527,-0.415298631627907,0.045821213488372
0,2.515,0.00091825,57.98284972,81.64449947,-0.410644081085271,0.044988748682171
0,2.52,0.00184699,57.98344961,81.64394958,-0.406530674418605,0.044316695503876
0,2.525,0.00274127,57.98582605,81.64395923,-0.40306852248062,0.043834796124031
0,2.53,0.00359668,57.98567899,81.6440898,-0.40030371627907,0.04355283255814
0,2.535,0.00440949,57.99605083,81.64430635,-0.398206331162791,0.04345636496124
0,2.54,0.00517682,58.00485633,81.64424518,-0.396668715503876,0.043507287751938
0,2.545,0.00589683,58.0134398,81.64554203,-0.395512304806202,0.043648368682171
0,2.55,0.00656878,58.01561373,81.64424207,-0.394500189922481,0.043809610697675
0,2.555,0.00719308,58.02815528,81.64378263,-0.393355227906977,0.04391573875969
0,2.56,0.00777136,58.03936973,81.64318744,-0.391781589147287,0.04389349627907
0,2.565,0.00830647,58.05108163,81.64288468,-0.389487920930233,0.043678355968992
0,2.57,0.00880246,58.05228282,81.64228924,-0.386211059224806,0.043220731627907
0,2.575,0.00926458,58.07631566,81.64425586,-0.381737846666667,0.042490160310078
0,2.58,0.00969927,58.09632684,81.64313241,-0.375921705426357,0.04147640620155
0,2.585,0.01011406,58.10074902,81.63562279,-0.368695280775194,0.040189078914729
1,2.59,0.01051756,58.12253734,81.63529237,-0.360078120930233,0.038656000465116
1,2.595,0.01091926,58.14825489,81.63660236,-0.350178145116279,0.036920410542636
1,2.6,0.01132936,58.15295607,81.62800081,-0.339186645736434,0.035037709302326
1,2.605,0.01175865,58.18170456,81.6273871,-0.327367119224806,0.033071770232558
1,2.61,0.01221825,58.2126353,81.62557977,-0.315038602790698,0.031091491627907
1,2.615,0.01271947,58.21716079,81.61604712,-0.302553671782946,0.029167193023256
1,2.62,0.01327361,58.25321718,81.6122619,-0.290276539534884,0.027367948527132
1,2.625,0.01389174,58.29044711,81.60965271,-0.278562716434108,0.025758343410853
1,2.63,0.0145846,58.29562317,81.59896131,-0.267739893643411,0.02439422124031
1,2.635,0.01536237,58.34659002,81.59826132,-0.258089549302326,0.023319774573643
1,2.64,0.01623463,58.35288136,81.58442928,-0.249828195813953,0.022565927441861
1,2.645,0.01721022,58.41715488,81.58385284,-0.24308841751938,0.022148012093023
1,2.65,0.01829735,58.45531437,81.57507691,-0.237901926046512,0.022062665116279
1,2.655,0.01950345,58.46111982,81.55963428,-0.234188522015504,0.022284496899225
1,2.66,0.02083527,58.53422565,81.55921057,-0.231759722945736,0.022766550077519
1,2.665,0.02229881,58.58227711,81.5487273,-0.230335217829457,0.023445500930233
1,2.67,0.02389938,58.62646451,81.5397713,-0.229564507906977,0.024247681860465
1,2.675,0.02564155,58.6735992,81.53053873,-0.229050408372093,0.025094268682171
1,2.68,0.02752902,58.72518378,81.52145705,-0.228373463565891,0.025905415968992
1,2.685,0.02956458,58.78046207,81.51040978,-0.227119521860465,0.026604796434109
1,2.69,0.03175002,58.83561243,81.50214841,-0.224909127131783,0.027123669457364
1,2.695,0.03408615,58.89809684,81.49249506,-0.221424541550388,0.027403640775194
1,2.7,0.03657282,58.96060599,81.48177902,-0.216434183565891,0.027400287596899
1,2.705,0.03920899,59.02546405,81.47301667,-0.209812313023256,0.027087989767442
1,2.71,0.04199279,59.09525908,81.46240316,-0.201550529612403,0.026464691782946
1,2.715,0.04492157,59.1666468,81.45150693,-0.191757889457364,0.025554869922481
1,2.72,0.04799203,59.23656053,81.4421823,-0.180648702790698,0.024409549922481
1,2.725,0.05120032,59.31973974,81.43257393,-0.168522280155039,0.023103580465116
1,2.73,0.05454219,59.40019229,81.42348537,-0.155734337829457,0.021728514728682
1,2.735,0.0580131,59.48359781,81.41272064,-0.142662024186047,0.020381658139535
1,2.74,0.06160837,59.5723467,81.40391756,-0.129670075658915,0.019155427596899
1,2.745,0.06532331,59.66197747,81.39207631,-0.117083784496124,0.018128342635659
1,2.75,0.06915337,59.75759273,81.38203202,-0.105170014418605,0.017357975658915
1,2.755,0.07309419,59.85425032,81.3711264,-0.094127075658915,0.016877203100775
1,2.76,0.07714176,59.95251682,81.36137592,-0.084082518139535,0.016694239844961
1,2.765,0.08129245,60.05745861,81.34687742,-0.075095494418605,0.016795500465116
1,2.77,0.08554317,60.16711207,81.33783295,-0.067161402945737,0.017150345271318
1,2.775,0.08989137,60.27943441,81.32299486,-0.060220661860465,0.017717251627907
1,2.78,0.09433514,60.3919065,81.31012211,-0.054172712868217,0.018449683100775
1,2.785,0.09887318,60.5100517,81.29540748,-0.048892719534884,0.019300857984496
1,2.79,0.10350477,60.63230594,81.28232592,-0.044249292868217,0.02022851503876
1,2.795,0.10822973,60.75493383,81.26730325,-0.040119565581395,0.021197898139535
1,2.8,0.11304832,60.88409228,81.24997757,-0.036401756434109,0.022183325581395
1,2.805,0.11796124,61.01737108,81.23573054,-0.033025865116279,0.023169120930233
1,2.81,0.12296949,61.14953238,81.21777415,-0.029960581550388,0.024149988837209
1,2.815,0.12807438,61.29182579,81.19987126,-0.027217510542636,0.025131538449612
1,2.82,0.13327741,61.43567792,81.18195453,-0.024849230232558,0.026128479224806
1,2.825,0.13858025,61.58217858,81.16309349,-0.022939481395349,0.027160157209302
1,2.83,0.14398466,61.7328555,81.14379315,-0.021589217364341,0.028245664031008
1,2.835,0.14949247,61.8870325,81.12408932,-0.020902356899225,0.029399599844961
1,2.84,0.15510551,62.04569293,81.10397423,-0.020976185581395,0.030630535968992
1,2.845,0.16082561,62.20818398,81.08350538,-0.021896322635659,0.031941534573644
1,2.85,0.16665464,62.37494775,81.06295319,-0.023732367286822,0.033330896124031
1,2.855,0.1725945,62.54254587,81.04015954,-0.026535331937985,0.034794010542636
1,2.86,0.17864726,62.720489,81.0206874,-0.030337728217054,0.036325678449612
1,2.865,0.1848152,62.89802703,80.99958148,-0.03515368620155,0.037920737364341
1,2.87,0.19110096,63.08050914,80.97907885,-0.04097957503876,0.039573765271318
1,2.875,0.19750767,63.26759756,80.95850846,-0.047795091782946,0.041278387441861
1,2.88,0.2040391,63.46086888,80.9393034,-0.055563247441861,0.043026287751938
1,2.885,0.21069984,63.65183888,80.91755819,-0.06422885379845,0.044806032403101
1,2.89,0.21749541,63.85557927,80.90038143,-0.073715380775194,0.046601376899225
1,2.895,0.22443249,64.05795857,80.88290229,-0.083925340155039,0.048391368217054
1,2.9,0.23151902,64.26488575,80.86288198,-0.094745979069768,0.050153383875969
1,2.905,0.23876437,64.48267372,80.84796528,-0.106057330232558,0.05186686
1,2.91,0.24617942,64.70338039,80.83155529,-0.117737495658915,0.053515221395349
1,2.915,0.25377661,64.92605229,80.8164649,-0.129663044031008,0.055085097054264
1,2.92,0.26156987,65.1381106,80.80692334,-0.141708180465116,0.056563603410853
1,2.925,0.26957459,65.38459268,80.7915871,-0.153748408682171,0.05793740124031
1,2.93,0.27780747,65.60458447,80.78308078,-0.165668388682171,0.059194223875969
1,2.935,0.28628641,65.86159076,80.77094619,-0.177369978449612,0.060324528837209
1,2.94,0.29503034,66.10823171,80.7610012,-0.188777959224806,0.06132203255814
1,2.945,0.30405894,66.36130806,80.75398377,-0.199844657209302,0.062183162015504
1,2.95,0.31339225,66.61990782,80.74707954,-0.210553679689922,0.062906426976744
1,2.955,0.32305018,66.88502011,80.74207839,-0.220921589147287,0.063492650387597
1,2.96,0.33305194,67.15621999,80.73675618,-0.230996688992248,0.063946182635659
1,2.965,0.34341541,67.43581985,80.7345993,-0.240850792713178,0.064274253488372
1,2.97,0.35415646,67.72149904,80.73152888,-0.250566050542636,0.064483716124031
1,2.975,0.36528823,68.01553946,80.72929771,-0.260222955658915,0.064577495193799
1,2.98,0.3768204,68.31809521,80.72787884,-0.269893665891473,0.064553163565892
1,2.985,0.38875844,68.62794203,80.72545779,-0.279639381550388,0.064404008992248
1,2.99,0.4011029,68.94809646,80.72263367,-0.289509216434109,0.064120459534884
1,2.995,0.41384866,69.27741844,80.7203903,-0.299541553488372,0.063690805891473
1,3,0.4269843,69.61704206,80.71617102,-0.309770492403101,0.063101360930233
1,3.005,0.44049149,69.96627754,80.71125228,-0.320238619224806,0.062336892403101
1,3.01,0.4543444,70.32464458,80.70398334,-0.331013691937984,0.061380504186047
1,3.015,0.46850932,70.69462822,80.6943717,-0.342207910387597,0.06021333131783
1,3.02,0.48294425,71.07497339,80.68309013,-0.353996583565891,0.05881376372093
1,3.025,0.49759879,71.46450921,80.66708054,-0.366631403875969,0.057154860465116
1,3.03,0.51241406,71.86444876,80.64689609,-0.38044350744186,0.055196394263566
1,3.035,0.52732286,72.27742508,80.62425609,-0.395838036589147,0.052873140775194
1,3.04,0.54225,72.698841,80.59617911,-0.413280754418605,0.050083394573644
1,3.045,0.55711284,73.12833094,80.56232249,-0.433277915968992,0.046679800930233
1,3.05,0.57182201,73.56682947,80.52174582,-0.456350300775194,0.042462951162791
1,3.055,0.5862823,74.0128423,80.47420615,-0.482998998449612,0.037179052713178
1,3.06,0.60039376,74.46547293,80.421562,-0.513668379844961,0.030524928837209
1,3.065,0.61405299,74.9232885,80.36055626,-0.548713749767442,0.022159926046512
1,3.07,0.62715456,75.38632743,80.29171012,-0.588378615193798,0.011722708527132
1,3.075,0.63959266,75.85269666,80.21495909,-0.632785608837209,-0.001147434728682
1,3.08,0.65126276,76.31824095,80.12667233,-0.681940552093023,-0.016786188992248
1,3.085,0.66206344,76.78495717,80.03128152,-0.735747452093023,-0.035479537209302
1,3.09,0.67189825,77.2496932,79.92669302,-0.794030920620155,-0.057441722635659
1,3.095,0.68067745,77.71056333,79.81296169,-0.856557819069768,-0.08279839255814
1,3.1,0.68831983,78.16484615,79.69011346,-0.923050892403101,-0.111577359069767
1,3.105,0.69475433,78.61148379,79.55770648,-0.993190277984496,-0.14370749627907
1,3.11,0.69992148,79.05047545,79.41644587,-1.06660480682171,-0.179024424651163
1,3.115,0.70377475,79.47710581,79.26533264,-1.14286028697674,-0.217281237984496
1,3.12,0.70628154,79.89110728,79.1049916,-1.22145476310078,-0.258161211627907
1,3.125,0.707424,80.29021258,78.93457814,-1.30182559860465,-0.301292258294574
1,3.13,0.70719946,80.67369327,78.75986985,-1.38336355178295,-0.34626542372093
1,3.135,0.70562059,81.03959794,78.57523421,-1.46542974930233,-0.392655309612403
1,3.14,0.70271524,81.38802509,78.37970946,-1.54737130248062,-0.440040868372093
1,3.145,0.69852593,81.71202412,78.18075628,-1.62853125658915,-0.488024397984496
1,3.15,0.69310904,82.01702142,77.97285306,-1.70825135782946,-0.536245159224806
1,3.155,0.68653376,82.30243117,77.75937934,-1.78587265100775,-0.584384232713178
1,3.16,0.67888076,82.5631288,77.54052453,-1.86073772651163,-0.63216068496124
1,3.165,0.67024069,82.80212485,77.31534619,-1.93219720899225,-0.679321839379845
1,3.17,0.66071246,83.01603911,77.0845918,-1.99962542945736,-0.725629503565891
1,3.175,0.65040147,83.20660271,76.8487499,-2.06244479891473,-0.770846848527132
1,3.18,0.63941771,83.37356183,76.60927362,-2.12015725255814,-0.814729188217054
1,3.185,0.62787386,83.5185174,76.36435716,-2.17237777131783,-0.857020440620155
1,3.19,0.61588336,83.63795855,76.11537497,-2.21886604868217,-0.897455442945736
1,3.195,0.60355864,83.73624996,75.86514291,-2.25955056573643,-0.93576807131783
1,3.2,0.59100932,83.79796336,75.61268028,-2.29454051302326,-0.971704909302325
1,3.205,0.57834067,83.85493224,75.35285182,-2.32412286015504,-1.00504081271318
1,3.21,0.56565227,83.88648171,75.09013706,-2.34874023209302,-1.03559517813953
1,3.215,0.5530369,83.89521025,74.82470861,-2.36894936031008,-1.06324833984496
1,3.22,0.54057964,83.88343421,74.55592032,-2.38536999674419,-1.08795376217054
1,3.225,0.52835715,83.85159743,74.28575735,-2.39863586542636,-1.10974296604651
1,3.23,0.51643721,83.80095862,74.00948919,-2.40935437813954,-1.12872282790698
1,3.235,0.50487843,83.72977299,73.72703459,-2.41807914635659,-1.14506555193798
1,3.24,0.49373014,83.64095133,73.44262579,-2.42529441395349,-1.15899192341085
1,3.245,0.48303249,83.53422934,73.15429272,-2.43140755953488,-1.17074828449612
1,3.25,0.47281668,83.40949975,72.86026159,-2.43674738139535,-1.18058025302326
1,3.255,0.46310526,83.26714583,72.5618172,-2.44156792651163,-1.18870928527132
1,3.26,0.45391252,83.10457973,72.25597362,-2.44605686775194,-1.19531766155039
1,3.265,0.44524496,82.92382706,71.9472038,-2.45034687162791,-1.20054185565891
1,3.27,0.43710172,82.72172692,71.62732355,-2.45452532713178,-1.20447398883721
1,3.275,0.42947519,82.49958732,71.30182558,-2.45864038310077,-1.20717082868217
1,3.28,0.42235157,82.26649503,70.97138774,-2.46270229984496,-1.20866937348837
1,3.285,0.41571161,82.01273113,70.6331783,-2.46668184527132,-1.20900535565891
1,3.29,0.40953132,81.73868887,70.28357115,-2.47050870465116,-1.20823021364341
1,3.295,0.40378283,81.45433752,69.92640485,-2.4740722448062,-1.20642183426357
1,3.3,0.3984352,81.1516002,69.56317134,-2.47722740294574,-1.20368560170543
1,3.305,0.39345534,80.82833463,69.18518745,-2.4798055875969,-1.20014875860465
1,3.31,0.38880875,80.49390303,68.80529054,-2.48162549891473,-1.19595468651163
1,3.315,0.38446036,80.1371024,68.40756648,-2.48249928728682,-1.1912590944186
1,3.32,0.38037528,79.7669925,68.00110686,-2.48223964945736,-1.18622396217054
1,3.325,0.37651947,79.38049552,67.58527165,-2.48066894682171,-1.18100777286822
1,3.33,0.37286038,78.97670156,67.15734496,-2.47762987054264,-1.17575186170543
1,3.335,0.3693675,78.5568917,66.71709563,-2.47299738775194,-1.17056338542636
1,3.34,0.36601282,78.12456503,66.26903331,-2.46668764821705,-1.16549728651163
1,3.345,0.3627712,77.67318307,65.80638,-2.45865981178295,-1.16054104
1,3.35,0.35962065,77.20773349,65.33091506,-2.44891009643411,-1.15560596294574
1,3.355,0.3565425,76.72839009,64.84856295,-2.43746136263566,-1.1505259696124
1,3.36,0.35352146,76.22898071,64.34649572,-2.42435195472868,-1.14506546945736
1,3.365,0.35054558,75.71864506,63.83872044,-2.40962908341085,-1.13893576170543
1,3.37,0.34760621,75.19058408,63.31752437,-2.39334807751938,-1.13181925271318
1,3.375,0.34469773,74.65063537,62.78428903,-2.37557351984496,-1.12340024155039
1,3.38,0.3418174,74.09500919,62.24407254,-2.35637972899225,-1.11339716728682
1,3.385,0.33896507,73.52578738,61.68806384,-2.3358463675969,-1.10159081581395
1,3.39,0.33614288,72.94040632,61.11892129,-2.31404746806202,-1.08784528620155
1,3.395,0.33335497,72.3520027,60.5350907,-2.29103861937984,-1.07211874527132
1,3.4,0.3306071,71.73713779,59.94529079,-2.26684415286822,-1.05446355550388
1,3.405,0.32790649,71.10404206,59.34807761,-2.24137861767442,-1.03501747875969
1,3.41,0.32526114,70.46188403,58.7340697,-2.2146568103876,-1.01394967131783
1,3.415,0.3226793,69.80379109,58.10812527,-2.18658135844961,-0.991521847596899
1,3.42,0.32016929,69.13249668,57.4709591,-2.15701054108527,-0.968030425891473
1,3.425,0.31773926,68.44465014,56.82213293,-2.12575846527132,-0.943787459689922
1,3.43,0.31539705,67.74098883,56.16186187,-2.09259946170543,-0.919100787906977
1,3.435,0.31314998,67.02143355,55.49059135,-2.0572820220155,-0.894252936744186
1,3.44,0.31100482,66.28600523,54.80782615,-2.01955174542636,-0.869480354108527
1,3.445,0.3089677,65.53638968,54.1137084,-1.97917665271318,-0.844956992713178
1,3.45,0.3070442,64.76961388,53.40933677,-1.93597346108527,-0.820783648217054
1,3.455,0.3052394,63.98771225,52.69418997,-1.88983987209302,-0.796980717364341
1,3.46,0.30355837,63.18969865,51.96937092,-1.84079101364341,-0.77348354248062
1,3.465,0.30200593,62.37522221,51.23600534,-1.78898918744186,-0.750143507906977
1,3.47,0.30058659,61.54832352,50.49262802,-1.73475961937985,-0.72673809255814
1,3.475,0.29930503,60.70655068,49.74190437,-1.67859129193798,-0.702989912093023
1,3.48,0.29816628,59.85070264,48.98461296,-1.62112371906977,-0.678592839689922
1,3.485,0.2971759,58.98185348,48.22242839,-1.56312054108527,-0.653243591162791
1,3.49,0.29634019,58.10163953,47.45414271,-1.50542953255814,-0.626678016434108
1,3.495,0.29566625,57.20904544,46.68427435,-1.44893223224806,-0.598707730077519
1,3.5,0.29516209,56.30959165,45.9126007,-1.39448964775194,-0.569250627441861
1,3.505,0.29483669,55.40217786,45.14219171,-1.34288656046512,-0.538352431472868
1,3.51,0.29469989,54.48633332,44.37407027,-1.29477784465116,-0.506197872403101
1,3.515,0.29476237,53.56534333,43.60948569,-1.25064236015504,-0.473110884031008
1,3.52,0.29503541,52.64426974,42.85585401,-1.21074843488372,-0.43954328868217
1,3.525,0.29553069,51.72118416,42.11106533,-1.17513770496124,-0.406050612403101
1,3.53,0.29625996,50.79918185,41.37930525,-1.14362942635659,-0.37325742372093
1,3.535,0.29723478,49.88094146,40.66375515,-1.11584509364341,-0.34181563627907
1,3.54,0.29846605,48.96826997,39.96689017,-1.09128926139535,-0.312345402015504
1,3.545,0.29996273,48.06484586,39.29257902,-1.0695241772093,-0.285375151627907
1,3.55,0.3017331,47.17243543,38.64385162,-1.04965394930233,-0.261482071937984
1,3.555,0.30378459,46.2937198,38.02383794,-1.03111787271318,-0.240986086976744
1,3.56,0.30612273,45.43143806,37.43563264,-1.01348657317829,-0.224056281705426
1,3.565,0.30875092,44.58820806,36.88224745,-0.99649842992248,-0.210711166511628
1,3.57,0.31167022,43.76644042,36.36625902,-0.980061120620155,-0.200836580930232
1,3.575,0.31487927,42.96874172,35.89071131,-0.96421587875969,-0.19421908
1,3.58,0.31837421,42.19731015,35.45781306,-0.949072968372093,-0.190589153643411
1,3.585,0.32214874,41.45452532,35.06988458,-0.93473059751938,-0.18966896744186
1,3.59,0.32619419,40.74236848,34.72873877,-0.921194501395349,-0.191216854573643
1,3.595,0.33049971,40.06275021,34.43588282,-0.908316446821705,-0.195061213953488
1,3.6,0.33505241,39.41748975,34.19267964,-0.89576420496124,-0.201119538914729
1,3.605,0.33983734,38.80795364,34.00003539,-0.883026272093023,-0.209402612558139
1,3.61,0.3448373,38.23444924,33.85689633,-0.869448440310078,-0.220004373953488
1,3.615,0.35003466,37.69936207,33.76461778,-0.854295850697674,-0.233078405581395
1,3.62,0.35541073,37.20284907,33.72312206,-0.836835767751938,-0.248802105271318
1,3.625,0.36094588,36.74452599,33.72885351,-0.816432047131783,-0.267333217984496
1,3.63,0.36661976,36.32523046,33.78258679,-0.792631633178295,-0.288769382945736
1,3.635,0.37241142,35.94460186,33.88099296,-0.765229412093023,-0.313116809457364
1,3.64,0.37829952,35.61097741,34.02815565,-0.734303433333333,-0.340271619689922
1,3.645,0.38426245,35.29518948,34.20330459,-0.700214437054264,-0.370016783255814
1,3.65,0.39027843,35.02572871,34.42042449,-0.663572023875969,-0.402032704806202
1,3.655,0.39632568,34.79473213,34.67486991,-0.625175621395349,-0.435916888527132
1,3.66,0.40238258,34.59594382,34.95475687,-0.585936953488372,-0.471210696434109
1,3.665,0.40842786,34.41626757,35.24957323,-0.546795872868217,-0.50742915503876
1,3.67,0.41444084,34.27865784,35.57514936,-0.508643004806202,-0.544088680310078
1,3.675,0.42040164,34.15837879,35.90557924,-0.472258641395349,-0.580730209457364
1,3.68,0.42629151,34.07393006,36.25337812,-0.438273557364341,-0.616936418914729
1,3.685,0.43209313,34.0055903,36.59999148,-0.407153443410853,-0.652342503255814
1,3.69,0.43779084,33.95819076,36.94520985,-0.379202379069767,-0.686641665581395
1,3.695,0.44337095,33.92212742,37.27893226,-0.354577101395349,-0.719588449612403
1,3.7,0.44882192,33.89982285,37.59722179,-0.333306786821705,-0.751001053178295
1,3.705,0.45413451,33.90107346,37.9074315,-0.315312951472868,-0.780763110697674
1,3.71,0.459302,33.90363596,38.18834326,-0.300425705581395,-0.808824664341085
1,3.715,0.46432024,33.91445195,38.43734525,0.473099354573643,-0.142779799534884
1,3.72,0.46918768,33.94329173,38.66592908,0.477462535813953,-0.151535976434109
1,3.725,0.47390535,33.9617779,38.84957159,0.480952283100775,-0.159316001550388
1,3.73,0.47847674,33.98742557,38.99358465,0.483629539689922,-0.166090489457364
1,3.735,0.48290761,34.01866207,39.09640335,0.485515242945737,-0.171822384496124
1,3.74,0.48720579,34.04482301,39.14919397,0.486636932558139,-0.176492819069767
1,3.745,0.49138089,34.07249057,39.16131781,0.487067101550388,-0.180120948062016
1,3.75,0.49544394,34.09258418,39.10542444,0.486822720930233,-0.182700473023256
1,3.755,0.4994071,34.10582131,39.00909053,0.485925837209302,-0.18423842744186
1,3.76,0.50328319,34.116093,38.85520494,0.484356825736434,-0.184721603875969
1,3.765,0.5070854,34.1199225,38.64496252,0.482132666821705,-0.184171754108527
1,3.77,0.51082695,34.11590572,38.38016449,0.479232009922481,-0.182600532403101
1,3.775,0.51452085,34.10468321,38.06003278,0.475644497364341,-0.180042484341085
1,3.78,0.51817973,34.08731902,37.68555283,0.471399505116279,-0.176564018294574
1,3.785,0.52181568,34.05793155,37.25727786,0.46641323627907,-0.172170195658915
1,3.79,0.52544018,34.02201411,36.77698882,0.460750519379845,-0.166962621085271
1,3.795,0.52906404,33.97591485,36.24651693,0.454389135968992,-0.160989142015504
1,3.8,0.53269738,33.91891778,35.66690958,0.447329059534884,-0.154306557984496
1,3.805,0.53634962,33.85842228,35.0430911,0.439549808992248,-0.14696401751938
1,3.81,0.54002959,33.78197802,34.37372976,0.431044728062016,-0.139011475193798
1,3.815,0.5437455,33.70127276,33.66739506,0.421803232248062,-0.13049732
1,3.82,0.54750502,33.6127344,32.92306106,0.411837893178295,-0.121475937984496
1,3.825,0.55131533,33.51350744,32.14338875,0.401164168992248,-0.112005286511628
1,3.83,0.55518313,33.41049602,31.33796486,0.38983477131783,-0.102154642635659
1,3.835,0.55911471,33.30456556,30.50545823,0.377909092403101,-0.092004375348837
1,3.84,0.56311597,33.1814574,29.64498538,0.365462251782946,-0.081634942635659
1,3.845,0.56719244,33.06032409,28.76823923,0.352593257364341,-0.071148381085271
1,3.85,0.57134896,32.93515808,27.87568009,0.339433245426357,-0.060677564806202
1,3.855,0.57558971,32.80797287,26.97164273,0.326141317209302,-0.050372189147287
1,3.86,0.57991831,32.68216597,26.05926661,0.312867778139535,-0.040385156744186
1,3.865,0.58433764,32.55029595,25.13910533,0.299767871472868,-0.030877400155039
1,3.87,0.58884985,32.4198914,24.21775572,0.287026271937984,-0.022023987441861
1,3.875,0.59345617,32.28865665,23.2951575,0.274784049612403,-0.013965371937985
1,3.88,0.59815692,32.16266343,22.37672814,0.263112216124031,-0.006783898914729
1,3.885,0.60295133,32.03747763,21.46282052,0.252066594728682,-0.000521148992248
1,3.89,0.6078376,31.91641549,20.55635478,0.241579407286822,0.004887996434109
1,3.895,0.61281375,31.7994879,19.66030734,0.232434483875969,0.009186827751938
1,3.9,0.61788758,31.68623048,18.77466547,0.225258633643411,0.012181990852713
1,3.905,0.62305656,31.58026329,17.90423433,0.217950784341085,0.014840193643411
1,3.91,0.62831312,31.47814748,17.04751253,0.210277895193798,0.01736645131783
1,3.915,0.63364871,31.38448745,16.20886458,0.202052371317829,0.019929415503876
1,3.92,0.63905414,31.29926549,15.38901377,0.193106906046512,0.022677631937985
1,3.925,0.64451983,31.2166936,14.58804109,0.183301130697674,0.02573549503876
1,3.93,0.65003616,31.14581642,13.80900185,0.172522706976744,0.029205357364341
1,3.935,0.65559385,31.07964927,13.05170168,0.160707464651163,0.033151921860465
1,3.94,0.66118432,31.02056558,12.31729552,0.147821709612403,0.037614957829457
1,3.945,0.66680012,30.97025546,11.60741457,0.133896605891473,0.042590194108527
1,3.95,0.67243531,30.92696633,10.92199915,0.119013176899225,0.048041095193799
1,3.955,0.67808593,30.89342134,10.26344516,0.103271795968992,0.053922612713178
1,3.96,0.68374932,30.86597286,9.63071556,0.086222233178295,0.060432294573644
1,3.965,0.68942306,30.84438374,9.02478136,0.068419035503876,0.067343131007752
1,3.97,0.69511246,30.85904432,8.4500155,0.050388520465116,0.074440802945737
1,3.975,0.70082637,30.83511379,7.89892076,0.032222525891473,0.081711944341085
1,3.98,0.70657676,30.81888691,7.37456264,0.01414489131783,0.089074376744186
1,3.985,0.71237846,30.84162902,6.8878248,-0.003831104651163,0.096577484031008
1,3.99,0.71824905,30.85024094,6.42726581,-0.021554890387597,0.104188179844961
1,3.995,0.7242085,30.85921492,5.99437213,-0.038905587286822,0.111895796434109
1,4,0.73027885,30.87959059,5.59484071,-0.055742339379845,0.119669779534884
1,4.005,0.73648365,30.89661141,5.22301033,-0.071893337829457,0.12744900620155
1,4.01,0.74284748,30.92623137,4.88666007,-0.087146811782946,0.135133009147287
1,4.015,0.74939529,30.95492413,4.57996772,-0.101195800930233,0.142531290697674
1,4.02,0.75615182,30.9851452,4.30404872,-0.113660676434109,0.149399441550388
1,4.025,0.76314086,31.01794096,4.06109732,-0.124061896899225,0.155387551782946
1,4.03,0.77038456,31.04929844,3.84700701,-0.131817153023256,0.160067558914729
1,4.035,0.77790271,31.0809491,3.66472024,-0.136310291472868,0.162972591007752
1,4.04,0.78571203,31.11459941,3.51530507,-0.136870648372093,0.163597223875969
1,4.045,0.79382553,31.14866384,3.39670226,-0.132776805581395,0.161362423100775
1,4.05,0.80225199,31.18027252,3.30783818,-0.123667705116279,0.155937519844961
1,4.055,0.81099546,31.20868135,3.24873951,-0.108912959689922,0.146833574728682
1,4.06,0.82005489,31.23907403,3.22012079,-0.088397414263566,0.13388613751938
1,4.065,0.82942397,31.26892176,3.22258611,-0.062300428372093,0.117157253488372
1,4.07,0.83909094,31.28918162,3.24975303,-0.031348062790698,0.097143210697675
1,4.075,0.84903869,31.31825158,3.30680614,0.003101259844961,0.074790451627907
1,4.08,0.85924481,31.31491018,3.39013669,0.038837888682171,0.051745840465116
1,4.085,0.86968193,31.34278673,3.50337091,0.072792341550388,0.030336185581395
1,4.09,0.88031818,31.35443445,3.63979588,0.101064939069767,0.013538200775194
1,4.095,0.89111782,31.36512743,3.80216423,0.119238500155039,0.004698022170543
1,4.1,0.90204194,31.3919182,4.00554563,0.123122240775194,0.006975040930233
1,4.105,0.91304918,31.40095702,4.21572032,0.10897967503876,0.022993099379845
1,4.11,0.92409632,31.36945393,4.42638645,0.074938100620155,0.053721497984496
1,4.115,0.93513887,31.38948892,4.70065929,0.021356818449612,0.098197337984496
1,4.12,0.94613163,31.38635452,4.97143578,-0.048631966046512,0.153035534728682
1,4.125,0.95702913,31.37693635,5.26387343,-0.129260871782946,0.212656989612403
1,4.13,0.96778608,31.36510637,5.57462982,-0.212910455968992,0.270091712868217
1,4.135,0.97835753,31.34947692,5.90244259,-0.291415050852713,0.318268859379845
1,4.14,0.98869901,31.33220833,6.24677932,-0.357639949767442,0.351476243410853
1,4.145,0.99876658,31.31063544,6.60480068,-0.40684440248062,0.36655974124031
1,4.15,1.00851681,31.28925619,6.97756921,-0.43726492124031,0.363522704341085
1,4.155,1.01790673,31.26393045,7.36152881,-0.450370253178295,0.345146736899225
1,4.16,1.02689388,31.23769335,7.75691082,-0.45001472620155,0.316191245736434
1,4.165,1.03543624,31.20786672,8.16167884,-0.441319725426357,0.282144190232558
1,4.17,1.04349243,31.17648221,8.57363985,-0.429678811162791,0.248066212248062
1,4.175,1.05102184,31.14191204,8.99266936,-0.41985022620155,0.21788148620155
1,4.18,1.05798504,31.10429229,9.41626549,-0.41575383875969,0.194111697054264
1,4.185,1.06434435,31.06231669,9.84275381,-0.42001664620155,0.177977835813953
1,4.19,1.07006397,31.04410733,10.28834376,-0.434362679379845,0.169761448992248
1,4.195,1.07511089,30.99960421,10.71659183,-0.459379679069767,0.168845390697674
1,4.2,1.07945802,30.95195382,11.144181,-0.494725235348837,0.174156511472868
1,4.205,1.0830885,30.90002299,11.5679546,-0.539435247131783,0.184359718914729
1,4.21,1.08599251,30.87461726,11.99240366,-0.592082911472868,0.1979901
1,4.215,1.08816753,30.78114048,12.39581498,-0.650795588372093,0.213539361550388
1,4.22,1.08962081,30.74612623,12.80786472,-0.713518293023256,0.229567806046512
1,4.225,1.0903703,30.67328787,13.20057032,-0.778088293178295,0.244762761860465
1,4.23,1.09044532,30.53523249,13.56044782,-0.842385648682171,0.258015721860465
1,4.235,1.08988709,30.50063873,13.94428903,-0.904516349302326,0.268504197364341
1,4.24,1.08874915,30.40355553,14.29465329,-0.962793926356589,0.275705057829457
1,4.245,1.08709733,30.29986379,14.62757021,-1.01591917286822,0.279436892558139
1,4.25,1.08500942,30.19869083,14.93707747,-1.06293400914729,0.279815210697674
1,4.255,1.08257412,30.06268388,15.23785467,-1.10323211550388,0.27720109255814
1,4.26,1.07988972,29.94257354,15.51130029,-1.13687935550388,0.272349769922481
1,4.265,1.07706198,29.80357692,15.7700907,-1.16229080015504,0.265014602325581
1,4.27,1.07420159,29.64130386,16.00699514,-1.18073790883721,0.256501710232558
1,4.275,1.07142137,29.4755448,16.22466749,-1.19170896108527,0.246970271627907
1,4.28,1.06883307,29.29952324,16.41861365,-1.19516241736434,0.236708733953488
1,4.285,1.06654404,29.11919059,16.59229921,-1.19112423085271,0.225884642325581
1,4.29,1.06465367,28.92367844,16.74365452,-1.17969323968992,0.214551533488372
1,4.295,1.06324911,28.71054275,16.87388967,-1.16106373023256,0.20266922744186
1,4.3,1.0623894,28.49122865,16.98226387,-1.13561315147287,0.190162772868217
1,4.305,1.06212351,28.2714089,17.0760722,-1.10387524542636,0.176934731627907
1,4.31,1.06248481,28.0017547,17.1341812,-1.06659734,0.162916565736434
